TP1sBgzGKps	CaptainsInTheClassRoom || Battle Tested: Tried and True || #iuic
-KrRWG4QwZA	Escape The Narcissist DEMON || CaptainsInTheClassroom
i-ql20gOr5U	GIVING THE SENSE FROM A-Z | 2 Corinthians Chapter 4
vAvc7W3Rb10	Giving The Sense A - Z | 1 Cor 10:1 -
YauHrlHoBoo	Giving The Sense A - Z | 1 Cor 10:1 -  📱
HxK6sgVimNA	IUIC vs The World Part 2 || Mic'd Up: The Avengers Podcast Ep. 4
N1zmIZS48IY	ASL || The Power Of Prayer || 15 Minutes W/ The Captains
kSSg97ZKm-I	Teaching Your Wife An Evil Lesson  || CaptainsInTheClassroom || #IUIC
a2KbPQ5st7I	Giving The Sense: Luke 7 Continued
O0p0jYtIM8I	Giving The Sense From A to Z: Revelation 17:7-
sDPuioroATM	WHEN FOOD BECOMES IDOLATRY || 15 MINUTES W/ THE CAPTAINS || Captain Immanuel
x9WCsiOwQ-U	Don't Be Ashamed To Confess Your Sins || 15 Minutes W/ The Captains || Captain Iramah
IBdx911xqNk	GIVING THE SENSE FROM A TO Z || 1 Corinthians 8
9JriVq5ZlhE	HISTORY IN THE AM | Downfall Of Ephraim
3EONRCKYs6M	HISTORY IN THE AM! : Israel! Share Your Mourning With Your Oppressors!
K_xHg0Vh2e4	HISTORY IN THE AM! : Israel! Share Your Mourning With Your Oppressors!
