aX8EU6AxHu8	20260906	8444	OUR HIDDEN HISTORY | THE PROPHET AND THE FOURTH BEAST PT 2 EP 206	5820
ZZ107oNaliw	20260816	9515	OUR HIDDEN HISTORY | THE PROPHET AND THE FOURTH BEAST EP 205	5451
bAVa6xHECE0	20260809	8526	OUR HIDDEN HISTORY | THE ORIGIN OF THE FOURTH BEAST EP 204	3456
fl4EDQ8aruc	20260802	10002	(PREVIOUSLY AIRED) OUR HIDDEN HISTORY | INTERRACIAL MIXING IN RUSSIA EP 203	2343
PqlgFRvU2Wg	20260726	10018	OUR HIDDEN HISTORY |  INTERRACIAL MIXING IN RUSSIA EP 203	4688
oi6VTfhRhwE	20260719	9929	OUR HIDDEN HISTORY |  EP 202 BLACK EASTERN EUROPEAN RULERSHIP	4981
RqV7aovY3nw	20260705	9088	OUR HIDDEN HISTORY | OUR HIDDEN HISTORY | JOAN OF ARC AND BLACK EASTERN EUROPE RULE  EP 201	5055
8qe2AlcfBmo	20260628	11358	OUR HIDDEN HISTORY | THE 200TH EPISODE SPECIAL	6479
nRNabPKmBw0	20260605	2190	THE SLAVE TRADE & THE BLACK IRISH	2053
dD14D9xttvw	20260531	8473	OUR HIDDEN HISTORY | OUR HIDDEN HISTORY | SLAVE TRADE : BLACK IRISH (JACOBITES)  JOAN OF ARC EP 199	4479
VBlR2tmXBxo	20260524	9751	OUR HIDDEN HISTORY | SLAVE TRADE : BLACK IRISH (JACOBITES) EP 198	4345
o025BLwH-9o	20260511	8104	(RE-RUN) OUR HIDDEN HISTORY | BIBLE CONSPIRACIES: REVISED VERSIONS EP 197	2063
3SHWoLzNsPA	20260503	8130	OUR HIDDEN HISTORY | BIBLE CONSPIRACIES : REVISED VERSIONS EP 197	4535
3xO_jKzkOqY	20260426	9401	OUR HIDDEN HISTORY | THE TRANSLATORS OF OLD WITH TRANSLATIONS EP  196	4450
RT0npkH53xA	20260420	8190	(Re-Run) OUR HIDDEN HISTORY | KING JAMES AND THE TRANSLATORS EP 195	1956
N2ogZ6SC8cE	20260405	8171	OUR HIDDEN HISTORY | KING JAMES AND THE TRANSLATORS EP 195	6670
NByYb20XEG8	20260327	1957	HIDDEN ROYALTIES: BLACK KINGS & ANCIENT ESTATES OF EUROPE	2073
71yu9SCHSrg	20260322	7038	(Pre-Recording) OUR HIDDEN HISTORY | Black King James Revealed! The Henry and James Line	2332
GO8LkmqB-Zw	20260308	8110	OUR HIDDEN HISTORY | FORMER ESTATES: CASTLES & PALACES PART 2 EP 193	5169
Jdek4oQ7row	20260301	8388	OUR HIDDEN HISTORY | FORMER ESTATES: CASTLES & PALACES EP 192	5264
_AzJBVxWlIE	20260215	9270	(Re-Run) OUR HIDDEN HISTORY | KING CHARLES I & II: THE BLACK SONS OF KING JAMES EP 191	2133
i0o32RulIgQ	20260208	9344	OUR HIDDEN HISTORY | KING CHARLES I & II: THE BLACK SONS OF KING JAMES EP 191	5900
24r3AaTWG2Y	20260201	8550	OUR HIDDEN HISTORY | KING JAMES WAS BLACK/ HIS ANCESTRY PART 1 EP 190	6734
oFmw0TPdYlk	20260130	2066	OHH: The Oppression of Latin America & God’s Divine Judgment	1656
AKFNcvD0N8M	20260118	8810	(RE-RUN) OUR HIDDEN HISTORY | TRANSITION OF POWER ESAU AND JACOB PT 3	1819
LUvtkI6YNeQ	20260111	8706	(RE-RUN) OUR HIDDEN HISTORY | TRANSITION OF POWER : SPECIAL EDITION VENEZUELA	2148
_J2RFi93fIo	20260105	2052	ORIGINS OF PAGAN CHRISTMAS WORSHIP & OUR DESTRUCTION	532
ffxKEbSLscQ	20260104	8724	OUR HIDDEN HISTORY | TRANSITION OF POWER : SPECIAL EDITION VENEZUELA EP 189	7381
GfseWzmlczw	20251229	8831	OUR HIDDEN HISTORY | TRANSITION OF POWER ESAU AND JACOB PT 3 EP 188	6615
akUxnlGAWyY	20251221	8412	OUR HIDDEN HISTORY | TRANSITION OF POWER ESAU AND JACOB PT 2 EP 187	6270
fziNo8Jk6E0	20251214	8302	OUR HIDDEN HISTORY | TRANSITION OF POWER ESAU AND JACOB PT 1 EP 186	6925
3_gG2lrAZ28	20251205	2037	IS KING ARTHUR BLACK❓️	6642
beaFAC2xxfs	20251201	8432	(Re-Run)  OUR HIDDEN HISTORY | DARK AGES 2.0	1600
xo1crMEc-Jw	20251124	1288	(Re-Run) OUR HIDDEN HISTORY | DARK AGES 2.0	414
awbfitrnM7Q	20251124	2894	(Re-Run) OUR HIDDEN HISTORY | DARK AGES 2.0	1347
Ty556rGnuV8	20251123	896	(Re-Run) OUR HIDDEN HISTORY | DARK AGES 2.0	248
zZ3MzKCz1a4	20251123	871	(Re-Run) OUR HIDDEN HISTORY | DARK AGES 2.0	491
6OAwL7DmSFQ	20251116	8685	OUR HIDDEN HISTORY | DARK AGES 2.0 EP 185	6112
0epH0FomnhI	20251109	8251	OUR HIDDEN HISTORY | DARK AGES: THE COUNCIL OF NICAEA/THE VIRGIN BIRTH EP 184	4454
GXPvA86LJ3Y	20251019	8208	OUR HIDDEN HISTORY | DARK AGES: THE COUNCIL OF NICAEA/THE VAULT OPENED PART4 EP 183	4644
wEmLaeW9490	20251013	8844	(RE-RUN) OUR HIDDEN HISTORY | DARK AGES: THE COUNCIL OF NICAEA/THE VAULT OPENED PART 3	1671
guqIg3Ln5N4	20251005	8871	OUR HIDDEN HISTORY | DARK AGES: THE COUNCIL OF NICAEA/THE VAULT OPENED PART 3 EP 182	5049
jiTMQfbhP2c	20250914	9029	OUR HIDDEN HISTORY | DARK AGES: THE COUNCIL OF NICAEA/THE VAULT OPENED PART 2 EP 181	4834
C_ewms94VGI	20250824	8730	(Re-Run) OUR HIDDEN HISTORY | DARK AGES: THE COUNCIL OF NICAEA/THE VAULT OPENED	1988
Kk1QK2A4g5g	20250817	8724	OUR HIDDEN HISTORY | DARK AGES: THE COUNCIL OF NICAEA/THE VAULT OPENED (Re-Run)	3928
P4lsDPsHtFs	20250810	8786	OUR HIDDEN HISTORY | DARK AGES:  THE COUNCIL OF NICAEA/THE VAULT OPENED EP 180	6622
bv_DjoNomBQ	20250727	8930	OUR HIDDEN HISTORY | DARK AGES: THE TAKEOVER EP 179	6029
_K5DTarBpBo	20250720	8947	OUR HIDDEN HISTORY | CARACTACUS ARTHUR AND THE DRUIDS PT 2 (Re-Run)	3172
UVontELjUaQ	20250706	8961	OUR HIDDEN HISTORY | CARACTACUS ARTHUR AND THE DRUIDS PT 2 EP 178	5344
3qaRY_YZudI	20250629	7906	OUR HIDDEN HISTORY | CARACTACUS ARTHUR AND THE DRUIDS EP 177	4983
6trr6lc12KI	20250615	7133	OUR HIDDEN HISTORY | DARK AGES MAGNIFIED PART 4 (Re-Run)	2570
yHgJDLC9Erg	20250601	7201	OUR HIDDEN HISTORY | DARK AGES MAGNIFIED PART 4 EP 176	3513
nKCgc6A1xUA	20250525	7559	OUR HIDDEN HISTORY | DARK AGES MAGNIFIED PART 3 EP 175	4487
piK5iwPg2SQ	20250511	7585	OUR HIDDEN HISTORY | FRANCE:A HISTORY OF PERSECUTION AND ENSLAVEMENT AGAINST GODS PEOPLE PT 2 EP 174	3294
I5lNlZXOB50	20250504	7386	OUR HIDDEN HISTORY | FRANCE:A HISTORY OF PERSECUTION AND ENSLAVEMENT AGAINST GODS PEOPLE EP 173	3289
sKm1mejWL0U	20250427	8417	OUR HIDDEN HISTORY | DARK AGES MAGNIFIED PART 2 EP 172	5401
Yi63AbFI48Y	20250413	7857	OUR HIDDEN HISTORY | DARK AGES MAGNIFIED EP 171	5666
oFD-M3bCJZM	20250406	7888	OUR HIDDEN HISTORY | THE BEGINNING STAGES OF THE DARK AGES: TRAVELS AND SETTLEMENTS PART 4 EP 170	5837
jaRXu8XegR8	20250330	10462	OUR HIDDEN HISTORY-THE SECRETS OF HISTORY:THE TWO PROMISED LAND CHAPTER 3 PREVIOUSLY RECORDED EP 169	4472
tptjFXAh7XE	20250323	8320	OUR HIDDEN HISTORY | THE BEGINNING STAGES OF THE DARK AGES: TRAVELS AND SETTLEMENTS PART 3 EP 168	5374
xAUWuI3rm6Q	20250316	8036	OUR HIDDEN HISTORY | THE BEGINNING STAGES OF THE DARK AGES: TRAVELS AND SETTLEMENTS PART 2 EP 167	6259
--3o8BYaWQc	20250309	7815	OUR HIDDEN HISTORY | THE BEGINNING STAGES OF THE DARK AGES: TRAVELS AND SETTLEMENTS EP 166	7623
G1QF-HZ21MQ	20250303	7977	OUR HIDDEN HISTORY | SLEEPING WITH THE ENEMY: JEWS AND MIXING (PRE-RECORDED) EP 165	3352
DMK80Twp1SM	20250223	8004	OUR HIDDEN HISTORY | SLEEPING WITH THE ENEMY: JEWS AND MIXING EP 164	6799
8vv8lyh-KvA	20250216	8138	OUR HIDDEN HISTORY | THE MANDINGOS AND THE MOORS EP 163	6483
EwwDXVmX4o8	20250209	8581	OUR HIDDEN HISTORY | THE ROBBERS OF LANDS AND PEOPLE PART 3 EP 162	5593
LyiT7SYHXvg	20250202	8248	OUR HIDDEN HISTORY | THE ROBBERS OF LANDS AND PEOPLE PART 2 (Re-Run)	3054
uUQsMXbKo7Y	20250126	8583	OUR HIDDEN HISTORY | THE ROBBERS OF LANDS AND PEOPLE PART 2 EP 161	5704
CJqT4kRiRtw	20250119	8803	OUR HIDDEN HISTORY | THE ROBBERS OF LANDS AND PEOPLE EP 160	5551
vjsEfU-6lZM	20250112	9010	OUR HIDDEN HISTORY | E/W INDIA COMPANY EP 159	5618
aINHqGWwi4Q	20250105	8150	OUR HIDDEN HISTORY | BLACK BIRDING/CHINOS EP 158	4785
2ip9YpKoOkU	20241229	8990	OUR HIDDEN HISTORY | SLAVE SHIP DESTINATIONS PART 5 EP 157	4216
QJa3l2eTGIM	20241222	8874	"UFOS: UNVEILING THE TRUTH FROM THEN TO NOW" EP 156 #uap #aliens #ufo	5613
oc02b6nvjFQ	20241215	8590	OUR HIDDEN HISTORY | SLAVE SHIP DESTINATIONS PART 4 (RERUN)	3444
O65ug3rsQGU	20241208	8601	OUR HIDDEN HISTORY | SLAVE SHIP DESTINATIONS PART 4 EP 155	4131
ryVUwAh7E7k	20241201	8918	OUR HIDDEN HISTORY | SLAVE SHIP DESTINATIONS PART 3 EP 154	5675
E1et-61vPIE	20241124	8297	OUR HIDDEN HISTORY | SLAVE SHIP DESTINATIONS PART 2 EP 153	3932
Z1bVKZvIMkM	20241117	8916	OUR HIDDEN HISTORY | SLAVE SHIPS: DESTINATIONS EP 152	4454
EOpTeQux8q0	20241110	8508	OUR HIDDEN HISTORY | SLAVE SHIPS: TESTIMONIALS EP 151	4641
yPfk3nm3mHo	20241103	8707	OUR HIDDEN HISTORY | SLAVE SHIPS FOR DUMMIES PART 6 EP 150	4075
DcerYm34ynE	20241027	8881	OUR HIDDEN HISTORY | SLAVE SHIPS FOR DUMMIES PART 5 EP 149	3459
Y1fm3Kk7hZg	20241020	8414	OUR HIDDEN HISTORY | SLAVE SHIPS FOR DUMMIES PART 4 (Re-Run)	2708
p8GJ-9aSsxo	20241013	8250	OUR HIDDEN HISTORY | SLAVE SHIPS FOR DUMMIES PART 4 EP 148	3544
YJZoKk_MZD8	20241006	8845	OUR HIDDEN HISTORY | SLAVE SHIPS FOR DUMMIES PART 3 EP 147	5579
pHX2A_LJbMM	20240929	8008	OUR HIDDEN HISTORY | SLAVE SHIPS FOR DUMMIES PART 2 (RE-RUN)	3438
nhowblrO1e0	20240922	8023	OUR HIDDEN HISTORY | SLAVE SHIPS FOR DUMMIES PART 2 EP 146	4603
1SBbipshR2E	20240915	8319	OUR HIDDEN HISTORY | SLAVE SHIPS FOR DUMMIES EP 145	4125
TqwmRiqTFYU	20240908	8130	OUR HIDDEN HISTORY | FURTHER FLIGHT INTO AFRICA PART 2 EP 144	3207
MwRGOMqtqWU	20240901	6893	OUR HIDDEN HISTORY | FURTHER FLIGHT INTO AFRICA EP 143	3416
7Z-D8UvO1pg	20240825	7773	OUR HIDDEN HISTORY | THE BIG THREE: ISLAM'S DARK SECRETS PART 5 EP 142	3957
qKNb11bY-EM	20240818	8650	OUR HIDDEN HISTORY | THE BIG THREE: ISLAM'S DARK SECRETS PART 4 EP 141	3717
bXts_fs8PR8	20240816	4210	Mike Africa Jr On Philly Move Bombing & The Move 9	885
VXuJoEoDTsE	20240814	696	MIKE AFRICA EXPLAINS WHAT THE PHILLY M.O.V.E. MOVEMENT ACTUALLY STOOD FOR #MOVEMOVEMENT	477
pkknj2TYfYA	20240728	8391	OUR HIDDEN HISTORY | Beyond Chains: The Genius of the Enslaved Mind Part 2 EP 140	2198
i2uzPSJZzqg	20240721	7875	OUR HIDDEN HISTORY | Beyond Chains: The Genius of the Enslaved Mind EP 139	2602
g0JX4blJp1w	20240714	7738	OUR HIDDEN HISTORY | THE BIG THREE: ISLAM'S DARK SECRETS PART 3 EP 138	3940
tSbg2mE_hBU	20240616	8714	OUR HIDDEN HISTORY | THE BIG THREE: ISLAM'S DARK SECRETS PART 2 EP 137	9058
1PjTWJ0FRuM	20240505	7662	OUR HIDDEN HISTORY | THE BIG THREE: ISLAM'S DARK SECRETS EP 136	9077
JSRX-pGCSvo	20240428	8234	OUR HIDDEN HISTORY: THE BIG THREE: ISHMAEL EP 135	10841
a4BQHaANSfE	20240421	8101	OHH: The Close Relationship Between Ishmael, Esau and Moab: The Big Three EP 134	14746
KgxnpzSMDf8	20240407	7368	OUR HIDDEN HISTORY-THE ARABS, ISLAM AND THE TRANS-SAHARAN SLAVE TRADE PART 3 EP 133	2161
2V0QnBD64uA	20240331	8616	OUR HIDDEN HISTORY-THE ARABS, ISLAM AND THE TRANS-SAHARAN SLAVE TRADE PART 2 EP 132	2398
rGXI-MGM3WQ	20240325	2924	OUR HIDDEN HISTORY-THE ARABS, ISLAM AND THE TRANS-SAHARAN SLAVE TRADE EP 131	1108
fh6idI6zsKw	20240325	5309	OUR HIDDEN HISTORY-THE ARABS, ISLAM AND THE TRANS-SAHARAN SLAVE TRADE EP 129	2233
0w-xjRbsj-w	20240317	8321	(Re-Run) OUR HIDDEN HISTORY-ECHOES OF ROME: FROM BLACK RULERS TO BLACK SLAVES IN ITALY PT. 2	787
bP-8-4FcQGE	20240225	8349	OUR HIDDEN HISTORY-ECHOES OF ROME: FROM BLACK RULERS TO BLACK SLAVES IN ITALY PT. 2 EP 128	2302
eRxU8lK57Aw	20240218	8483	OUR HIDDEN HISTORY-ECHOES OF ROME: FROM BLACK RULERS TO BLACK SLAVES IN ITALY EP 127	2594
e029INRf0zM	20240211	8459	OHH-ECHOES OF ROME: THE THIRD PERSECUTION AND THE CYRENIAN REVOLT PART 3 EP 126	1363
iRSZ1SPOWKE	20240204	8479	OHH-ECHOES OF ROME: THE THIRD PERSECUTION AND THE CYRENIAN REVOLT PART 3 EP 125	1804
bXBHxAjHwlQ	20240128	7968	OHH-ECHOES OF ROME: THE THIRD PERSECUTION AND THE CYRENIAN REVOLT PART 2 EP 124	2260
Nb7cizqutwI	20240121	8518	OHH-ECHOES OF ROME: THE THIRD PERSECUTION AND THE CYRENIAN REVOLT EP 123	2054
E7-7zy0If38	20240114	7672	(Re-run)OHH-ECHOES OF ROME: THE APOSTOLIC SUCCESSION AND THE TRAINING FOR MARTYRDOM	1128
oX_p6koVq5o	20240107	8057	OHH-ECHOES OF ROME: THE APOSTOLIC SUCCESSION AND THE TRAINING FOR MARTYRDOM EP 122	2745
UqOEbapXlZo	20231224	7486	OHH-ECHOES OF ROME:THE SHORT REIGN OF TITUS AND DOMITIAN AND THE CHRISTIAN PERSECUTION PART 2 EP 121	2449
XKayeO48HUk	20231217	8424	OHH-ECHOES OF ROME: THE SHORT REIGN OF TITUS AND DOMITIAN AND THE CHRISTIAN PERSECUTION EP 120	1367
UOCSvYBlaN8	20231210	8171	OHH-ECHOES OF ROME: THE 7TH FEATHER: VESPASIAN'S CONQUEST AND THE FALL OF JERUSALEM PART 4 EP 119	1285
eYVesBpJ0qM	20231203	8365	OHH-ECHOES OF ROME: THE 7TH FEATHER: VESPASIAN'S CONQUEST AND THE FALL OF JERUSALEM PART 3 EP 118	1373
pD5zgCAmim4	20231126	8105	OHH-ECHOES OF ROME: THE 7TH FEATHER: VESPASIAN'S CONQUEST AND THE FALL OF JERUSALEM PART 2 EP 117	1229
jW84l36Cnmc	20231119	8356	OHH-ECHOES OF ROME:THE 7TH FEATHER:VESPASIAN'S CONQUEST AND THE FALL OF JERUSALEM EP 116	1106
cUubbnXbaZA	20231112	8251	OHH-ECHOES OF ROME: THE CHAOS THAT LEAD UP TO 70AD EP 115	1006
0WsIEVjRGos	20231105	8282	OHH-ECHOES OF ROME: THE 6TH FEATHER OF ROME AND THE MARTYRDOM OF THE APOSTLES EP 114	1204
59_BasytD3M	20231029	8199	OHH-ECHOES OF ROME:THE 6TH FEATHER OF ROME AND THE MARTYRDOM OF THE APOSTLES EP 113	1417
ZEproEaZako	20231023	4697	(Re-run)OHH-ECHOES OF ROME:THE RISE OF THE 5TH FEATHER CLAUDIUS CAESAR AND THE TRAVELS OF THE APO…	314
zphtjZTwz_M	20231023	3579	(Re-run)OHH-ECHOES OF ROME:THE RISE OF THE 5TH FEATHER CLAUDIUS CAESAR AND THE TRAVELS OF THE APO…	278
3GmGJGwZPao	20231015	8018	(Re-Run) OHH-ECHOES OF ROME:THE RISE OF THE 5TH FEATHER CLAUDIUS CAESAR AND THE TRAVELS OF THE AP…	501
snJYKEYNOjA	20231008	8045	OHH-ECHOES OF ROME:THE RISE OF THE 5TH FEATHER CLAUDIUS CAESAR AND THE TRAVEL OF THE APOSTLES EP 112	1154
6PF6wHSaMsc	20231001	8299	OHH-ECHOES OF ROME:THE RISE OF THE 5TH FEATHER CLAUDIUS CAESAR AND THE TRAVEL OF THE APOSTLES EP 111	968
VC1mwltqPf4	20230924	7791	OHH-ECHOES OF ROME:THE RISE OF THE 5TH FEATHER CLAUDIUS CAESAR AND THE TRAVEL OF THE APOSTLES EP 110	1995
Dg3SVw23XEI	20230917	7691	OHH-ECHOES OF ROME:THE RISE OF THE 5TH FEATHER CLAUDIUS CAESAR AND THE TRAVEL OF THE APOSTLES EP 109	1853
nBXGWQ8L7CY	20230828	7053	OHH-ECHOES OF ROME:THE RISE OF THE 5TH FEATHER CLAUDIUS CAESAR AND THE TRAVEL OF THE APOSTLES EP 108	1406
JYg5vxhY1MA	20230813	7577	OHH-ECHOES OF ROME: RISE OF THE 4TH CAESAR CALIGULA: THE MINISTRY OF THE DISCIPLES PART III EP 107	2372
hLad_UgFhx4	20230730	7470	OHH-ECHOES OF ROME: RISE OF THE 4TH CAESAR CALIGULA: THE MINISTRY OF THE DISCIPLES PART II EP 106	2446
5q7p_KGEl5Y	20230723	7256	(RE-RUN) OHH ECHOES OF ROME: THE MINISTRY OF CHRIST: THE RISE OF THE DISCIPLES PT. 10	1150
Y0Nmoj2LMo8	20230716	7290	OHH ECHOES OF ROME: THE MINISTRY OF CHRIST: THE RISE OF THE DISCIPLES PT. 10 EP 105	2480
8cGOPWMfIWQ	20230709	8313	OHH ECHOES OF ROME: THE BIRTH OF CHRIST: THE RISE OF TIBERIUS CAESAR PT 9 EP 104	2967
JNC_LHNjdVQ	20230702	7990	OHH ECHOES OF ROME: THE BIRTH OF CHRIST: THE RISE OF TIBERIUS CAESAR EP 103	3254
XsUFa7WvhR0	20230627	8975	OHH ECHOES OF ROME: THE BIRTH OF CHRIST: THE VIRGIN BIRTH DECEPTION	2775
otSpgCRVxp4	20230619	6875	(RE-RUN)OUR HIDDEN HISTORY-ECHOES OF ROME:FROM AUGUSTUS CEASAR TO THE BIRTH OF CHRIST PART 6	1518
5LSoWAeOufo	20230604	6885	OUR HIDDEN HISTORY-ECHOES OF ROME:FROM AUGUSTUS CEASAR TO THE BIRTH OF CHRIST PART 6 EP 101	3339
zpsPlPQKWJ4	20230528	8329	(RE-RUN) OUR HIDDEN HISTORY-ECHOES OF ROME:FROM AUGUSTUS CEASAR TO THE BIRTH OF CHRIST PART 5	1693
sXAmvsngAtU	20230521	8372	OUR HIDDEN HISTORY- ECHOES OF ROME: FROM AUGUSTUS CAESAR TO THE BIRTH OF CHRIST PART 5 EP 100	4270
2CWo_qkjuIw	20230514	7127	OUR HIDDEN HISTORY- ECHOES OF ROME: CAESAR TO CHRIST PT 4 EP 99	3830
lNbrxx6Axco	20230508	7040	(RE-RUN) OUR HIDDEN HISTORY- ECHOES OF ROME: CAESAR TO CHRIST	2070
ecaMOv6O500	20230430	7055	OUR HIDDEN HISTORY- ECHOES OF ROME: CAESAR TO CHRIST PT 3 EP 98	3613
_fzsuuq4Okc	20230416	8572	OHH | The Poisoned Well The Rise And Fall Of Anti-Semitic Propaganda (RERUN)	4216
cfwGt0xG-XY	20230412	805	Who Is Herod And The Herodians	1773
VTG1zu6wh3w	20230409	7592	OHH - THE ECHOES OF ROME: ANCIENT SUPERPOWERS TO MODERN AMERICA PART 3 EP 97	1610
9DGpKsftT0g	20230402	8643	OHH - THE ECHOS OF ROME: ANCIENT SUPERPOWERS TO MODERN AMERICA PART 2 EP 96	1862
rdc00MsKllA	20230327	6690	OHH - THE ECHOS OF ROME: ANCIENT SUPERPOWERS TO MODERN AMERICA EP 95	2143
zyp6vyUe3C0	20230312	10162	(RE-RUN) OUR HIDDEN HISTORY CONQUEST OF ALEXANDER AND THE WHITEWASHING OF EGYPT	1296
mgQLdgfPVEs	20230308	10887	OUR HIDDEN HISTORY  CONQUEST OF ALEXANDER AND THE WHITEWASHING OF EGYPT	3554
IkSsW7PvE_8	20230226	8374	OHH: ESAU (ROME) CONQUERS THE ETRUSCANS AND SUBJUGATES ITALY EPS 1| EP 93	4402
vIInvlEhZMI	20230212	9502	OHH: ALEXANDER AND PHILIP OF EDOM BECOMING JAPHETH AND THE PHARAOHS OF EGYPT! EP 92	4860
GXNEH-m-9gc	20230205	9456	OURHIDDENHISTORYRADIO: THE NEGRO SLAVES OF EGYPT EP 91	4380
SUv0k2Lk3oo	20230130	3643	OUR HIDDEN HISTORY RADIO: KEVIN HART WAS RIGHT!! THE EGYPTIANS AND JEWS ARE BLACK!!! Part 2 EP 90	1629
zeCthlblAcg	20230129	4994	OUR HIDDEN HISTORY RADIO: KEVIN HART WAS RIGHT!! THE EGYPTIANS AND JEWS ARE BLACK!!! Part 1EP 89	2538
HfGjjhM7xZE	20230122	8302	OUR HIDDEN HISTORY: THE STOLEN GENERATION IN EVERY NATION CHAPTER 1EP 88	3062
AuCz71ITEnM	20221204	8931	OUR HIDDEN HISTORY RADIO #Israeli vs #Israelite : The #Nominal vs The #Native | Part 3 | RESTREAM	4917
vCohQ_iqBsg	20221127	8951	OUR HIDDEN HISTORY RADIO #Israeli vs #Israelite : The #Nominal vs The #Native | Part 3 | EP 87	13319
eejXlReYe4o	20221113	9582	#IUIC | OUR HIDDEN HISTORY RADIO #Israeli vs #Israelite : The #Nominal vs The #Native | Part 2|EP 86	7021
Da3acU7XSXw	20221110	8437	#IUIC | OUR HIDDEN HISTORY RADIO #Israeli vs #Israelite : The #Nominal vs The #Native #Kyrie #Ye	8186
-lfIMCgRCgI	20221030	9111	#IUIC | OUR HIDDEN HISTORY RADIO SHOW-DARK AGES: BLACK CLANS OF EUROPE CHAPTER 8	4425
Pb-kmhpX22o	20221024	4344	#IUIC | OUR HIDDEN HISTORY RADIO SHOW-DARK AGES: BLACK CLANS OF EUROPE CHAPTER 7 PART 1 EP 83	2906
3Qv06x4ijn8	20221023	4408	#IUIC | OUR HIDDEN HISTORY RADIO SHOW-DARK AGES: BLACK CLANS OF EUROPE CHAPTER 7 PART 2 EPISODE 84	2365
oUpy3fNfrr0	20220918	8755	#IUIC | OUR HIDDEN HISTORY RADIO SHOW-DARK AGES: BLACK CLANS OF EUROPE CHAPTER 6 EP 82	5220
T3iUXRvn6fc	20220911	9626	#IUIC | OUR HIDDEN HISTORY RADIO SHOW-DARK AGES: SILURIAN RECAP CHAPTER 5 EP 81	4227
N8SyrD068Gg	20220905	5857	#IUIC | OUR HIDDEN HISTORY RADIO SHOW-DARK AGES: SOLOMON AND IBERIAN TRAVELS CHAPTER 4 EP 80	3479
CT9rS3Mbg7Q	20220828	9646	#IUIC | OUR HIDDEN HISTORY RADIO SHOW-DARK AGES: SOLOMON AND IBERIAN TRAVELS CHAPTER 3 EP 79	4729
pF03Wwuc_cg	20220814	9934	#IUIC | OUR HIDDEN HISTORY RADIO SHOW-DARK AGES: THE BEGINNING CHAPTER 2 EP 78	5706
sMqNVYEEL1I	20220807	9134	#IUIC | (RE-RUN) OUR HIDDEN HISTORY RADIO SHOW-DARK AGES: THE BEGINNING CHAPTER 1	2187
cP_WoHCsuu4	20220724	9141	#IUIC | OUR HIDDEN HISTORY RADIO SHOW-DARK AGES: THE BEGINNING CHAPTER 1 EP 77	8176
Wsz6zs51m5w	20220710	9068	Times of the Gentiles: Death of the Disciples and Birth of Christianity Chapter 40 (RE-RUN))	3145
F5bzuxZqr84	20220703	9152	OHH RADIO SHOW-TIMES OF THE GENTILES: RISE OF ROME DEATH OF THE DISCIPLES AND THE BIRTH O… EP 76	3495
MsPCMlixTZo	20220627	7087	#IUIC |Times of the Gentiles: Death of the Disciples and Birth of Christianity Chapter 39 (RE-RUN)	2698
-LeLtj4Kj-4	20220619	8042	#IUIC | Times of the Gentiles: Death of the Disciples and Birth of Christianity Chapter 39 (RE-RUN)	4349
h02rQ3yJ2J4	20220612	8442	OHH RADIO SHOW- TIMES OF THE GENTILES: RISE OF ROME DEATH OF THE DISCIPLES AND THE BIRTH O… EP 76	3745
bBNgCxi9ZPY	20220606	7135	OHH RADIO SHOW- TIMES OF THE GENTILES: RISE OF ROME DEATH OF THE DISCIPLES AND THE BIRTH … EP 75	2874
HuIxdd8uXpo	20220529	8500	OHH RADIO SHOW- TIMES OF THE GENTILES: RISE OF ROME DEATH OF THE 12/PAUL’S CHURCHES CHP 37 EP 74	4497
zEbAR7UhFKU	20220515	7710	OHH RADIO SHOW-TIMES OF THE GENTILES: RISE OF ROME SOCRATES & THE HERODS/12 DISCIPLES CHP 36 EP 73	4545
5aMY8jJkLhc	20220508	7904	#IUIC |OHH RADIO SHOW- TIMES OF THE GENTILES: RISE OF ROME THE HERODS/12 DISCIPLES CHAPTER 35 EP 72	3821
WoksRPfDx8g	20220501	7871	IUIC |  OUR HIDDEN HISTORY RADIO SHOW-TIMES OF THE GENTILES: RISE OF ROME (THE HERODS) CHAP 34 EP 71	3517
cYdh2pm5IVs	20220424	9555	#IUIC | OUR HIDDEN HISTORY RADIO SHOW-TIMES OF THE GENTILES: RISE OF ROME (THE HERODS) CHAP 33 EP 70	3294
vE-0tP-KWDw	20220417	8579	#IUIC | OHH RADIO SHOW- TIMES OF THE GENTILES: RISE OF ROME (GALATIANS  PT. 2) CHAP 32 EP 69	3511
L8TpR703rhA	20220410	7234	#IUIC |OUR HIDDEN HISTORY RADIO SHOW-TIMES OF THE GENTILES: RISE OF ROME (GALATIANS) CHAP 31 EP 68	3871
FCYQqprl12A	20220327	7746	#IUIC | OHH RADIO SHOW- TIMES OF THE GENTILES GREECE: RISE OF ROME (GREECE RECAP) CHAPTER 30 EP 68	4192
VqIE4pfMqTE	20220320	8548	RE-RUN #IUIC| OUR HIDDEN HISTORY RADIO SHOW- TIMES OF THE GENTILES GREECE: THE HASMONEANS CHAPTER 29	2265
tlk-dYI4pTU	20220313	8560	#IUIC | OUR HIDDEN HISTORY RADIO SHOW-TIMES OF THE GENTILES GREECE: THE HASMONEANS CHAPTER 29 EP 67	2788
Js_GJz1xw08	20220306	7314	#IUIC | OUR HIDDEN HISTORY RADIO SHOW-TIMES OF THE GENTILES: FALL OF THE HASMONEANS CHAPTER 28 EP 66	3582
ELm1VVC7_4I	20220227	8576	#IUIC | OUR HIDDEN HISTORY RADIO SHOW-TIMES OF THE GENTILES GREECE/SCYTHIANS CHAPTER 27 EP. 65	3822
MVfDfqdn_vE	20220220	8347	#IUIC | OUR HIDDEN HISTORY RADIO SHOW-TIMES OF THE GENTILES GREECE: THE HASMONEANS CHAPTER 26 EP. 64	3794
mXJ2mKF2hqg	20220213	8482	#IUIC | OUR HIDDEN HISTORY RADIO SHOW-TIMES OF THE GENTILES GREECE: THE HASMONEANS CHAPTER 25 EP. 63	3483
hCHWqUFtfw8	20220206	9208	#IUIC | OUR HIDDEN HISTORY RADIO SHOW-TIMES OF THE GENTILES GREECE: THE HASMONEANS CHAPTER 24 EP. 62	3967
fjIPkr8w3cA	20220130	8925	#IUIC| OUR HIDDEN HISTORY RADIO SHOW-TIMES OF THE GENTILES GREECE: THE HASMONEANS CHAPTER 23 EP. 61	4384
zj-bJpKZCOI	20220123	8805	#IUIC | OUR HIDDEN HISTORY RADIO SHOW - TIMES OF THE GENTILES: GREECE CHAPTER 22 EP. 60	3622
xYMGPWBMTVw	20220116	6071	#IUIC | OUR HIDDEN HISTORY RADIO SHOW - TIMES OF THE GENTILES: GREECE CHAPTER 21 EP. 59	4914
_IIQMAY0isM	20220109	8342	#IUIC | OUR HIDDEN HISTORY RADIO SHOW - TIMES OF THE GENTILES: GREECE CHAPTER 20 EP. 58	4205
w0yOayrFMkY	20211219	7436	#IUIC | OUR HIDDEN HISTORY RADIO SHOW - TIMES OF THE GENTILES: GREECE CHAPTER 19 EP. 57	4878
-YOJPCpRbXw	20211213	7145	#IUIC | OUR HIDDEN HISTORY RADIO SHOW - TIMES OF THE GENTILES: GREECE CHAPTER 18 EP. 56	3650
R7NBS5IR-ps	20211205	8413	#IUIC | OUR HIDDEN HISTORY RADIO SHOW - TIMES OF THE GENTILES: GREECE CHAPTER 17 EP. 55	6058
9rlSaPyeYrA	20211129	8246	#IUIC | OUR HIDDEN HISTORY RADIO SHOW - TIMES OF THE GENTILES: PERSIAN AND MEDES THE CONCLUSION	3753
bRFtyirJHOg	20211121	7998	#IUIC​ |   OUR HIDDEN HISTORY RADIO SHOW -TIMES OF THE GENTILES: PERSIAN AND MEDES CHAPTER 15 EP. 53	10025
ebDEhPG-54E	20211112	620	OHH |Chapter Highlight| Times of the Gentiles Persian and Mede - Chapter 14	1025
KT8iGZ87yrs	20211107	8169	#IUIC |  OUR HIDDEN HISTORY RADIO SHOW -TIMES OF THE GENTILES: PERSIAN AND MEDES CHAPTER 14 EP. 52	4866
ciKNp5y1y00	20211105	697	OHH |Chapter Highlight| Times of the Gentiles Persian and Mede - Chapter 13	716
EdiO6Kw1Y14	20211031	8679	#IUIC | OUR HIDDEN HISTORY RADIO SHOW - TIMES OF THE GENTILES: PERSIAN AND MEDES CHAPTER 13 EP. 51	4614
7mzjSu5lhgg	20211027	749	OHH |Chapter Highlight| Times of the Gentiles Persian and Mede - Chapter 12	764
hbMkLdQrKAE	20211024	8771	#IUIC | OUR HIDDEN HISTORY RADIO SHOW-TIME OF THE GENTILES: PERSIAN AND MEDES CHAPTER 12 EPISODE 50	4713
nsQDKljG94k	20211017	8608	#IUIC | OUR HIDDEN HISTORY RADIO SHOW-TIMES OF THE GENTILES: PERSIAN AND MEDES CHAPTER 11 EPISODE 48	6200
j3XB7cHljb0	20210926	8387	#IUIC​ | OUR HIDDEN HISTORY RADIO SHOW- TIMES OF THE GENTILES: RISE OF BABYLON CHAPTER 10 EPISODE 47	6272
MC9_KXo8Sm0	20210919	9202	#IUIC​ | OUR HIDDEN HISTORY RADIO SHOW- TIMES OF THE GENTILES: RISE OF BABYLON CHAPTER 9 EPISODE 46	3961
CnbxCVy0DHk	20210912	9761	#IUIC | OUR HIDDEN HISTORY RADIO SHOW-TIME OF THE GENTILES: RISE OF BABYLON CHAPTER 8 EPISODE 45	8489
bcSVLGKRBe8	20210905	8528	#IUIC​ | OUR HIDDEN HISTORY RADIO SHOW - TIME OF THE GENTILES: RISE OF BABYLON CHAPTER 7 EPISODE 44	9426
-N16kZhDD5Y	20210824	9187	OHH - Times Of The Gentiles: Assyria Chapter 6 EPISODE 42	4250
I5ZRSenhTn4	20210817	9283	OHH -  TIME OF THE GENTILES CHAPTER 5 EPISODE 41	2859
79AeQFvcvPI	20210804	7760	OHH - TIME OF THE GENTILES: ASSYRIA CHAPTER 4 EPISODE 40	3278
32MSTvmKewk	20210804	7993	OHH - TIMES OF THE GENTILES : ASSYRIA CHAPTER 3 EPISODE 39	3931
DK4UQ8_QcUo	20210709	9213	OHH - Times Of The Gentiles: Assyria Chapter 2 EPISODE 38	6136
246oRwdGQig	20210621	7389	OHH - TIMES OF THE GENTILES: ASSYRIA CHAPTER 1 EPISODE 37	9779
szQHvwQne1Y	20210613	9059	OHH - THE SPANISH INQUISITION CHAPTER 33 EPISODE 36	3052
nOELpFmOqmk	20210603	9493	OHH -  THE SPANISH INQUISITION  CHAPTER 32 EPISODE 35	2711
OltgRD_Bexg	20210511	9198	OHH - The Spanish Inquisition Chapter 31 EPISODE 34	2588
IV-E8HavHD0	20210428	10843	OHH -  The Spanish Inquisition Chapter 30 EPISODE 33	2604
drrbVQ_6ZAs	20210404	8136	Our Hidden History Radio Show | The Spanish Inquisition Chapter 29 EPISODE 43	7041
NMs5y2jGRaM	20210404	9696	OHH - The Spanish Inquisition Chapter 28 EPISODE 32	2987
rJqsHuUqInA	20210403	10696	OHH - Rise Of Rome Esau Chapter 26 EPISODE 31	2567
vRkm_oHDoBU	20210324	10305	OHH - The Spanish Inquisition Chapter 27 EPISODE 30	4384
igTgjAKDs4E	20210314	10608	OHH - Rise of Rome Esau Chapter 25 EPISODE 29	3782
jUI6XCvZoYk	20210310	11486	OHH - Rise of Rome Esau Chapter 24 EPISODE 28	3186
ZgK2SeFqwPw	20210303	8234	OHH - The Fall Of Esau Chapter 23 EPISODE 27	2549
9H4jzOpAr-Y	20210303	9426	OHH - The Fall Of Esau Chapter 22 EPISODE 26	4714
Bql-1pjxddU	20210207	9852	OHH - Rise Of The Moors Chapter 21 EPISODE 25	3154
4yH6IKUwAtc	20210123	9530	OHH -  Rise Of The Moors Chapter 20 EPISODE 24	4251
b5Zwv1ukm8o	20210123	11271	OHH   The Secrets of History The Two Promised lands Chapter 2 EPISODE 23	7409
v6LKFs-9YJA	20210112	9094	OHH - The Moors Featuring Black Musical Composers Chapter 19 EPISODE 22	3048
GbP3UAahnQs	20210104	10546	OHH - The Moors Featuring The Gladiators Chapter 18 EPISODE 21	3205
ljNSVvWlQ4g	20201231	11285	OHH - Beginning Of The Moors/The Gladiators  Chapter 17 EPISODE 20	4258
7jlR9hFUT8c	20201225	11328	OHH - King Arthur Of The Silurians Chapter 16 EPISODE 19	3091
YE_NHpughpc	20201218	10601	OHH - King Arthur Of The Silurians - Chapter 15 EPISODE 18	3725
SRNATgtNwQI	20201205	10096	OHH - The Travels and Decline Of Carthage   Chapter 14 EPISODE 17	2776
djkoDWIK8IE	20201128	11639	OHH - The Barcas, Israelite War Geniuses &amp; Heroes   Chapter 13 EPISODE 16	5444
0wV4PMzex9w	20201122	10278	OHH - The Barcas, Israelite War Geniuses & Heroes Chapter 12 EPISODE 15	4213
PQxJ8IaBVbw	20201122	11472	OHH - SECRETS OF HISTORY The Two Promised Lands   The Old World Chapter 11 EPISODE 14	3201
KHkGmZaN32A	20201120	10019	OHH - Secrets of History: The Two Promised Lands Chapter 1 EPISODE 14	17036
q8tRrv20BgQ	20201112	9868	OHH - Secrets of History: The Two Promised Lands Chapter 10 EPISODE 13	2937
-8dzLGSTkL8	20201112	9682	OHH - Secrets of History :The Two Promised Lands Chapter 9 EPISODE 12	2604
oeFQVxvlh_Y	20201112	8434	OHH - Secrets Of History: The Two Promised Lands Chapter 8 EPISODE 11	2879
c4WvaukmNj0	20201111	11728	OHH - Secrets Of History: The Two Promised Lands Chapter 7 EPISODE 10	3650
GoQpk12OwN4	20201111	9827	OHH - Secrets Of History: The Two Promised Lands Chapter 6 EPISODE 9	3491
lVreOQWpZdk	20201111	9526	OHH - Secrets Of History: The Two Promised Lands Chapter 5 EPISODE 8	4056
5yuP-mrxZ0A	20201111	9964	OHH - The Secrets of History: The Two Promised lands Chapter 4 EPISODE 7	6044
HTHv4bEDtb8	20201111	10474	OHH - The Secrets of History: The Two Promised lands Chapter 3 EPISODE 6	7689
gEtHdmQ6pW8	20201103	11505	OHH - THE COLOR OF GOD AND HIS PEOPLE IN AFRICA EPISODE 4	7242
Hz_Gv_CtklY	20201027	7829	OHH - Eve of Destruction and the Religion of Rebellion Part 3  EPISODE 3	4792
aJIgGbpaOLU	20201027	6691	OHH - Eve of Destruction and the Religion of Rebellion Part 2 EPISODE 2	5757
DdkQvJ-TwNo	20201027	7533	OHH - Eve of Destruction and the Religion of Rebellion vs Part 1 EPISODE 1	10063
jr_6oPVatps	20241129	200	Israelites From America To The 🏝️ of The Sea #iuicphilly #laws #nathanyel7 #israelites #salvation	881
TCYUg1k8Jf0	20241122	271	Blacks, Hispanics, Native Americans: Same People, Same Enslavement⛓#iuicphilly #laws #israelites	621
dNxc92nNnxw	20241122	315	Arabs & Africans Owned You First Black Man👀#iuicphilly #laws #nathanyel7 #israelites #salvation	690
NyY5tiofv2U	20241120	93	Slave Ships Are Fake, But He Was There👀#iuicphilly #laws #nathanyel7 #israelites #salvation	356
SnUt0sHwO3Y	20241120	165	Marcus Garvey, The Start of a Revolution✊🏾#iuicphilly #laws #nathanyel7 #israelites #salvation	407
A_2oDs-G87k	20241118	148	Africans Think The YT Man Is Superior⁉️#iuicphilly #laws #nathanyel7 #israelites #salvation	416
YlvGIG9poYo	20241110	175	⛓Fighting for Freedom Abroad The Slave Ships!#iuicphilly #laws #nathanyel7 #israelites #salvation	430
a6EzV5adxgA	20241107	308	You Said "Slave Ships Weren't Real?" Listen To This‼️#iuicphilly #laws #nathanyel7 #salvation	737
wePhqc1fsyU	20241102	263	We Turned Our Back On The One True God#iuicphilly #laws #nathanyel7 #israelites #salvation	334
6lvsnSA20LQ	20240815	531	MIKE AFRICA EXPLAINS HOW BLACK REVOLUTIONIST ARE CREATED IN OPPRESSION #MOVEMOVEMENT #RECLAIMOSAGE	246
jKSmuG6QH88	20211022	571	OHH |Chapter Highlight| Times of the Gentiles Persian and Mede - Chapter 11	714
92oDR1it33Y	20211003	136	OHH |Chapter Highlight| Times of the Gentiles: Rise Of Babylon- Chapter 10	939
cfFQZmWH1KA	20210922	130	OHH |Chapter Highlight| Times of the Gentiles: Rise Of Babylon- Chapter 9	593
IFl-Bj12ivo	20210921	103	OHH |Chapter Highlight| Times of the Gentiles: Rise Of Babylon- Chapter 7	753
svbndYndy6U	20260308	316	OUR HIDDEN HISTORY | FORMER ESTATES: CASTLES & PALACES PART 2 EP 193	598
yGSB2Mc7gPY	20251123	41	(Re-Run) OUR HIDDEN HISTORY | DARK AGES 2.0	70
YQ72TLZVKaE	20251123	20	(Re-Run) OUR HIDDEN HISTORY | DARK AGES 2.0	158
0gB48L4vLEw	20251123	21	(Re-Run) OUR HIDDEN HISTORY | DARK AGES 2.0	121
whI_iHuedZs	20240324	69	OUR HIDDEN HISTORY-THE ARABS, ISLAM AND THE TRANS-SAHARAN SLAVE TRADE EP 130	250
igQChdo04gU		0:57	Daniel Interpreting The Dream🔥#history #radioshow #bible #truth	337
_s7ZmaIR1kg		1:30	Why Does These Empires Rule??#motivation #podcast #history #philadelphia	14
iFEDDkvMMxs		1:51	The Scrolls Of Isaiah❗️ How Old Was The Scrolls Before The Collection Of Books ? #history	25
32pxz6bVQTY		1:01	Astronauts Admitting There Are Chariots On The Moon💯💯🔥#history #podcast #radioshow #bible #astronaut	21
oYOJDDXqY-0		0:39	Yes! You once ruled the world black man! 🫵🏿  #history #bible #radioshow	901
rkedO9nGNtA		0:25	Black Prosperous Towns Destroyed By The Same People That Call Us Lazy #Black #towns #radioshow	28
Q8-t5A9LsW4		0:52	Black Wealth Made Rome An Empire #history #radioshow #truth #podcast	417
2Is1XWNWriM		0:39	Yes! You once ruled the world black man! 🫵🏿 Time to repent, keep God's laws	701
hYNEwWeOIAM		0:54	MORE proof that the present day Yt man is Esau!	17
MsBvTMjGUuU		0:59	Who was Joan of Arc? #podcast ##radioshow #historical #bible #Iuic	2
S2-N647HUwA		1:00	Joan of Arc, the original feminist. Tune in to Our Hidden History	350
Iy0X7S7Ox9s		0:40	A people without their history are Destroyed#OurHiddenHistory #History #IsraeliteHeritage #Identity	19
_sSYUuTlsCo		0:44	Never speak evil of those who came before you. #OurHiddenHistory #Respect #Leadership #podcast	14
CsHR6QOJnAc		0:48	We Had Images Of All Our History Before It Was Taking Away From Us💯❗️#history #bible #radioshow #OHH	16
nwuS42PtRrc		0:51	The Laws Of God Were Given To Us To learn To How Deal With Each Other 💯#radioshow #history #podcast	16
XYM73-bMK0w		0:25	Where Is The Black Wealth❓️❓️ #podcasting #radioshow #historical #bible	47
zsHoThqWuvU		0:55	🚨 200 EPISODES! 🚨Don’t miss our biggest show yet! 🎉For the FIRST TIME EVER: 🔥 Special Guest💯💥🔥	21
wlBQuD2B50A		0:30	They Took Our Book With Our Images Inside.  Erased And Replaced Them With Thier Own❗️	19
DoWGSfIkXOQ		0:45	🚨WATCH OHH NOW🚨🚨Jacobites Shipped To Liverpool Virginia. #History #radioshow#trending #fypage	11
C050HYNws-k		0:59	We Can Not Govern Ourselves Families And Nation Without God's Commandments 🔥#podcasting #radioshow	329
qqVXp8xp0ms		0:51	Negros Were Evil Before The White Man"Black Men Have Have Much Self Hatred💯 #radioshow #trending	16
P3fBdf5ljuo		1:00	The Revolutionaries That Came Before Us Deserves The Respect Given. #history #news #motivation	325
709wvJ-r90g		0:36	The Color Of Adam💯🔥💥#history #motivation #podcast #radio	24
yuKQoey1zCw		0:57	Changing Of The Bible To Fit Modern Religion To Confuse The Masses #podcast #historical #radioshow	16
mV3DPbBBwZc		0:35	The white man changes definitions, rewriting historyAnd revising Bibles all to hide who we truly are	13
MaArBvwTFwA		0:31	The Nations Are Only Here For A Time💯#history #bible #peace #podcasting	45
zzIwuUlWnNI		0:50	Christ Only Called The Children Of Israel Saints💯 🔥#iuicphiladelphia #radioshow #podcasting	32
DIrk7liIPJ0		0:49	Our Hidden History Radio Show 💯🚨	11
yO7JAqiYqM0		1:01	Solomon's Throne Was Glorious And There Was Nothing Like it💯🔥#glory #thrones #hiddenhistory #truth	24
sTxsWx-SzsI		0:34	A Take Over From What Was Ours To The Enemy💯#blackknights #history #podcast	17
1AQKBEzIpAY		0:45	Forgotten How Great We Were#blackknights #blackhistory #podcast	19
W04CokvCX_8		1:01	We Went From Living  As Kings To Surviving As Slaves💯	279
fASUH6ehmMs		0:40	All The Castle That Tourist Pay To Visit Belong To Us💯#blackknights #blackhistory #podcast #radio	1
JL-RFJquCVI		1:00	We Had Houses For Everything 💯#iuic #honorable #house #history	26
mM3uoGKEjjk		1:09	Your History Is Great. Look How Far We Have Fallen💯💥#iuic #blackhistory #podcast	14
f-BSOyPFifA		0:39	Did You Know Our History Was This Rich With Royalty❓️‼️#blackknights #royalfamily #history #podcast	21
Qz6iZKuJXjY		1:00	We Are More Than Slaves Working A Field💯 We Are #KINGS ‼️🔥	16
JuKne4Sk5M8		0:42	Stole Our History To Make Us Think We Were Nothing💯	799
GltZIvaLTNA		0:45	Tune Into Our Hidden History Radio Show On Sundays💯  Link To Full Episode	16
ZxTHvx1UM_E		0:56	Black Giants ‼️Black Knights ‼️Our Hidden History Uncovered #history #facts #radioshow	18
jLKoRHBP5n4		0:58	The Lord Made 2 Nations In The Womb💯 Which One Did God #love ❓️#history #choose	36
3piMh3NHPtg		0:36	Black People Ruled Everything At One Point#history #iuic #royalfamily #iuic	15
MbSzwj3sjCA		0:57	The Bible Is A True Book💯‼️#history #iuic #podcast #prophecy	16
hQ8CkuPy6K4		0:40	Your Past Is Important. Know Where You Came From💯‼️#history #past #iuic	22
L_TLHgkZRts		0:53	Jews & Moors Have The Same Ancestors 💯#jews#history #motivation	15
Oslh5-QKa2s		0:43	Venezuelans President Nicolás Maduro Is A What❓️#history #trending #jews #blackhistory	12
fRjBAdEwgB4		0:38	Age Of Decadence Is Upon Babylon #history #iuic #watchoutforthenew #podcast	440
GUfpQfjdJ_c		1:54	HAVE YOU BEEN WATCHING OHH❓️	1
1bglvf_Etk0		0:52	Where Did The First Slaves Arrive In America From?#history #podcast #OHH #philadelphia	358
-mqi-e7lbhg		0:53	They Search Out Iniquities: The holidays You Celebrate Are All Of Intiquity💯#history #podcast	13
goKlBFs9pIo		1:18	OHH just opened the door on King Arthur 🔥🔥🔥	32
xoCgBcRhfgs		0:59	Joseph Is Christ Father 💯#history #iuic #podcast #bible	47
-VpsNFUKt7U		0:58	Maru Shall Conceive The Same Way Elizabeth Conceived‼️💯#history #podcast #prophecy	17
A2q1qnnpEWI		0:46	The White Washing Of Christ Came From The Catholic Church 💯‼️#history #reel #history  #iuic #podcast	15
ZW26_ghsyjs		0:42	The Promise Made To Abraham 💯‼️#history #iuic #promise #podcast #philadelphia	17
8-z_heHlyqk		0:40	OHH : Dark Ages 2.0 Recap 🔥 #motivation #iuic #history #podcast	19
7Vmk1wZ4rQE		0:56	Did Christ Have An Earthly Father❓️ #motivation #iuic #christinthebible #bible #podcast	19
QEtaPXeNRNE		0:45	“Root & offspring of David” EXPLAINED! #history #iuic #podcast #Bible	15
2_qGfGaMIPQ		0:47	Are these customs Biblical? #history #iuic #podcast #Bible	16
8jVinwtyWJ0		0:57	Christ was the son of a MAN! #history #iuic #podcast #Bible	14
hqXAwxNWJAY		0:46	OHH brought it out! 🔥	16
W-he19XY0ag		0:55	John Saw The Angels Of God 🔥‼️#history #iuic #podcast #bible	2
zdSciaCNj0M		1:18	‼️‼️‼️‼️TUNE INTO “OUR HIDDEN HISTORY RADIO SHOW”‼️‼️‼️‼️Hosted by the “Doctrine Slayer” Deacon	354
_X3h3UGQEPs		0:41	God's Enemies Caught Us Off From Being a Nation #history #podcast #facts #iuic #psalms83	17
p8fokWbqkJA		1:00	We Built The Castles💯‼️#OHH #history #podcast #motivation #biblestories #hidden	943
mYqZI7YFeaA		0:59	Christ The Very Image Of His Father 💯🔥🔥 #christ #image #bible #history #motivation	16
49uSD7wushI		0:34	Christ & His Father‼️💯👀#history #god #christ #truth #bible #radioshow	18
b6JJ_yp7O_I		0:36	Rulers Of Darkness #Rev2:9 🚨Our Hidden History Radio Show🚨#history #truth #showertime #radioshow	21
t6_GdF8kkzw		0:54	Secret Plots Behind Our Slavery 💯‼️👀#history #podcast #tunein #watch #iuic	1
eHiEU8fOqDg		0:56	Christ Is The Image Of His Father ‼️💯🔥#bible #history #popular #treding #truth #jesus #podcast	18
pJSLcAoHero		1:00	The Lord Knows Our Tribulation And Poverty 💯‼️#history #learningmotivation #trouble #rich #wealth	756
xep-pLg5LVA		1:00	‼️‼️‼️‼️TUNE INTO “OUR HIDDEN HISTORY RADIO SHOW”‼️‼️‼️‼️Hosted by the “Doctrine Slayer”	827
qzFic1URgxM		0:51	‼️‼️‼️‼️TUNE INTO “OUR HIDDEN HISTORY RADIO SHOW”‼️‼️‼️‼️Hosted by the “Doctrine Slayer”	13
o1GZsSirCbo		0:50	We Were Kings and Rulers Before We Were Slaves💯#history #motivation #trending #popular #podcast	12
UgMjuvZhAJs		0:56	#America is An Extension Of #Rome💯🔥🔥#lastdays #history #radioshow #podcast #instagram #learnin	15
G-wyi7ttMHk		0:51	Know Who Your #History ‼️ #learningmotivation #iuic #learning #wakeup #time #israel	365
DHLdSptMAB4		0:37	You Are What Your Father Is💯‼️#israelunitedinchrist #seed #history #podcast #learningmotivation	23
niqfZvGpv70		0:45	‼️‼️‼️‼️TUNE INTO “OUR HIDDEN HISTORY RADIO SHOW”‼️‼️‼️‼️Hosted by the “Doctrine Slayer”	958
zqTBUog_XYg		0:34	Remember Your Forefathers‼️#history #motivation #Remember #instagram	22
NhlhmlzUwHk		0:55	OUR HIDDEN HISTORY RADIO SHOW 💯 Jacob Vs Esau #history #iuic #motivation #tunein #podcast	18
57Xbq4fGsZY		0:49	What Does The Fringes Mean❓️❓️Check This Out 💯‼️#history #iuic #motivation #school #learning #truth	13
CM_2p56uQUc		0:51	Where Did The Word Vandalized Come From❓️ CHECK THIS OUT‼️‼️💯🔥#history #iuic #podcast #truth	16
z85bzaTR140		0:48	They Took  Our Lands And Resources#OHH #ourhiddenhistory❗️ #iuicphilly #bible #philly #radioshow	11
4LIWOjLPs10		0:39	‼️‼️‼️‼️TUNE INTO “OUR HIDDEN HISTORY RADIO SHOW”‼️‼️‼️‼️	11
h4hT8PuWELk		0:22	Who Are The Berbers❓️‼️Tune Into To OHH💯#history #nba #radioshow #podcast #mustwatch	19
tKuMuTKWbfo		0:52	Call Ourselves Another Name‼️ #curses #history #biblequotes #iuicphilly #repentanceinthebible	13
Iy7M0_nw2IU		0:59	We Were The Spartans‼️⚔️#300 #motivation #iuic #podcast #history	18
OGKgR8a5HeY		0:24	Children Of Israel Have The Way Of Knowledge #salvation #repent #bible #iuicphilly #iuic #knowledge	16
H9XhH8B02V0		0:53	We were dispersed as a people!!!  #iuicphilly #IUIC #laws #salvation  #unity	12
G1JnWSO23Pw		0:40	A redundant name!  #iuicphilly #IUIC #laws #salvation #bible  #unity	15
HhIJCODifP4		0:39	We Are The  Israelites 💯#motivation #iuic #iuicphilly #history #teacher #education #learning	15
bPZQZnSsN0k		0:54	Our Hidden History ‼️ #motivation #iuicphilly #bible #teachers #learning	685
KPDJS7wUPrU		1:00	Two Different Nations‼️ #jacobvsEsau #iuic #history #godspeople #nation	920
f4XV7iHKG1M		0:53	Backsliding daughter!!! #iuicphilly #bible #repentance #salvation #iuic	692
Mj-TSP8V7PE		0:59	Transgressing God's commandments for the tradition of men! #iuicphilly #bible #repentance #salvation	19
9uRvK-EFpRg		0:58	Secret counsels of the wicked!!! #iuicphilly #Iuic #repentance #bible #knowledge	826
0M0eXaHBBK0		0:31	‼️‼️‼️‼️TUNE INTO “OUR HIDDEN HISTORY RADIO SHOW”‼️‼️‼️‼️	962
zwFnEgNK-BI		0:48	Dark Ages Magnified Pt.2 Let’s delve into a continuation of the OHH Special of The Dark Ages	19
W8_Z1u330ts		0:58	Jacob vs Esau, We are not the same people.#iuicphilly #history #podcast #truth #bible	1
UmmfHF3MnsI		0:38	‼️‼️‼️‼️TUNE INTO “OUR HIDDEN HISTORY RADIO SHOW”‼️‼️‼️‼️	1
woB1BRswyUQ		0:57	Israel is gods elect!!! #iuic #elect #iuicPhilly #nathanyel7 #salvation	443
b4Or6l6PcpU		0:57	Losing our name!!! #iuic #iuicphilly #nathanyel7 #salvation #truth	14
m8QxdDV4o-g		1:00	Do you worship the Kaaba stone? #salvation #knowledge #israelites #Bible #iuicphilly	251
IBD1AlJfNqg		0:46	Why worship idols? #salvation #knowledge #israelites #Bible #iuicphilly	375
zfBOCfhTRA4		1:00	Many pagan tribes were associated with stones!! #salvation #knowledge #israelites #Bible #iuicphilly	634
652GlPsXNXk		0:49	King Solomon made a navy of ships!!! #salvation #knowledge #israelites #Bible #iuicphilly	1
h87GFJlGVps		0:44	‼️‼️‼️‼️TUNE INTO “OUR HIDDEN HISTORY RADIO SHOW”‼️‼️‼️	552
1w3pjBvKDjI		0:55	We were clothed with warlike apparel!! #salvation #knowledge #israelites #Bible #iuicphilly	709
Ps6FN-8uehU		0:58	Don’t let thine enemies abide with you! #salvation #knowledge #israelites #Bible #iuicphilly	408
xr25lFOE2ic		0:57	No interracial marriage!!! #salvation #knowledge #israelites #Bible #iuicphilly	483
xWhCGXydei0		0:43	Our sons and daughters were given unto another people #salvation #knowledge #israelites #Bible	409
WpJm7flDibM		1:00	Who is the first formed? #salvation #knowledge #israelites #Bible #iuicphilly	368
78dvTorIJ-E		0:58	Natives encounter a chariot #salvation #knowledge #israelites #Bible #nativeamerican	505
peAO_1x91G4		1:00	Who are the saints? #salvation #knowledge #israelites #Bible #iuicphilly #salvationinthebible	2
Fm_bowMqz_U		1:00	The Spirit Of God Strengthen His Memory ‼️ #iuicphilly #history #salvationknowledge #bibleknowledge	848
hyIIKXnyAWQ		1:00	Our enemies have taken crafty council against us!!! #salvation #iuicphilly #history  #bible #Iuic	269
_HcZ-xPsAiE		0:57	We were worn out as a nation #salvation #iuicphilly #salvationknowledge  #bible #Iuic	508
KM0MtLyHOIw		0:57	We were scattered and forgot who we were!!! #salvation #iuicphilly #nathanyel7 #bible #Iuic	340
2RbrXmSGNFA		0:53	Blood touches Blood! #salvation #knowledge #israelites #Bible #iuicphilly	276
bQPYZsobLVc		0:33	The predominant complexion of Jews #salvation #knowledge #israelites #Bible #iuicphilly #iuic	824
FzGIIy4tOJc		0:46	We are under generational curses #salvation #knowledge #israelites #Bible #iuicphilly #iuic	763
SCqRamiZddA		0:44	Did you know this about Christianity? #salvation #knowledge #israelites #Bible #iuicphilly #iuic	1
r_Bq4pfZDA0		0:40	Who are the fake Jews in revelation 2:9 #salvation #knowledge #israelites #Bible #iuicphilly #iuic	365
BL9crrKNRxU		0:58	All Nations Are Against God's People‼️#iuicphilly #salvation #iuictv #enemies	330
VdANcFwwwwQ		0:40	We were scattered all over the planet.#iuic #iuicphilly #nathanyel7 #scattered #diaspora	359
GBNpnbBDtsU		0:56	We are heavy laden and need gods wisdom #salvation #israelites #iuicphilly #knowledge #Bible	405
ZyMKof6a3PY		0:46	Don’t follow man made religions, follow the Bible #salvation #israelites #iuicphilly #knowledge	744
qgopoP4mtvE		0:51	Fringes in a Native Americans exhibit #salvation #israelites #iuicphilly #knowledge #Bible	374
Xa7l2qpn6Mg		0:55	We discontinued from our heritage #iuicphilly #Bible #israelites #knowledge #salvation	686
n3LnQwVM6ok		0:57	Our enemies shall be found liars unto us #iuicphilly #Bible #israelites #knowledge #salvation	328
T5PGOPCqE4M		0:56	Christ will come to consume and destroy #iuicphilly #Bible #israelites #knowledge #salvation	12
_a_d_lxlr0g		1:00	Inquisitors of the land # #Bible #israelites #knowledge #salvation	169
UjBeQ2gYfZA		0:52	We will walk in gods ways #iuicphilly #Bible #israelites #knowledge #salvation	368
H4Hr_PT1hLg		1:01	We are gods saints #iuicphilly #Bible #israelites #knowledge #salvation	635
M-XWEZfXg4o		0:52	Blood toucheth blood! #Iuic #bible #nathanyel7 #iuicphilly #salvation	296
klUygbrSyFk		1:01	Mighty men to weak men #Iuic #bible #nathanyel7 #iuicphilly #salvation	527
z6ImwxtChig		0:41	The land is full of bloody crimes! #Iuic #bible #nathanyel7 #iuicphilly #salvation	113
bpYo-gNYWd8		0:49	This what happened because we didnt follow gods laws#Iuic #bible #nathanyel7 #iuicphilly #salvation	922
bl59H07t69c		0:55	Beware of the wicked!#Iuic #bible #nathanyel7 #iuicphilly #salvation	338
nmAdcSMy94c		0:55	January 19, 2025	400
Za9wuSZW9Dg		0:50	The circus and the zoo had slaves. #iuicphilly #israelunitedinchrist #history	362
_4iLR2acWPs		0:51	The Israelites were scattered to China. #salvation #israelites #nathanyel7 #iuicphilly #history	283
OYIc8FSONZ8		0:59	EVERY nation took part in our enslavement!#salvation #israelites #nathanyel7 #iuicphilly #history	809
HuHDT_wv2C4		0:55	Esau took us as slaves & stole our lands!#salvation #israelites #nathanyel7 #iuicphilly #history	365
NVAbffj5I1E		0:18	Don't listen to the black woman. #iuicphilly #laws #nathanyel7 #israelites #salvation	14
Hg297RZp1MQ		0:32	Feminism was started by Eve. #iuicphilly #laws #nathanyel7 #israelites #salvation	481
FfTx0Ios5-s		0:51	What is the cause of Sin in the world#iuicphilly #laws #nathanyel7 #israelites #salvation	12
ayKAIC4Caqw		0:37	We will be gathered back together!#salvation #israelites #nathanyel7 #iuicphilly #history #12tribes	980
1WkZECUxw8k		0:57	Jews & “Greeks” were the same people!#salvation #israelites #nathanyel7 #iuicphilly #history	365
A0w2Me93oNg		1:00	Just as God redeemed his people once before, he will gather the remnant again.#diaspora #nathanyel7	1
QsVE-4DSMiA		0:50	Our Slavery Was Like No Other!😳#iuicphilly #laws #nathanyel7 #israelites #salvation	525
dhNIVCEFQuo		0:35	Don't Get Tricked By The YT Mans Lies!#iuicphilly #laws #nathanyel7 #israelites #salvation	595
hAlvqIjIles		0:45	College Students Don't Know Their History...Do You?👀#iuicphilly #nathanyel7 #israelites #salvation	1
i3LmUo_pXdo		0:51	Destruction of The Black Image😡#iuicphilly #laws #nathanyel7 #israelites #salvation	725
OuJY4QkXd48		0:32	We Are Not The Same People!!#iuicphilly #laws #nathanyel7 #israelites #salvation	639
24oyOKIybUo		0:32	The Spanish Inquisition Is The Root of The Slave Trades!#iuicphilly #laws #nathanyel7 #salvation	489
dkFEzcBBTwM		0:50	In The Beginning ALL People Were Black!#iuicphilly #laws #nathanyel7 #israelites #salvation	453
1OdQ10JXhNU		0:51	The Lion King#iuicphilly #laws #nathanyel7 #israelites #salvation	620
WJyCsoEyTxA		0:35	Whydah & Kotonou#iuicphilly #laws #nathanyel7 #israelites #salvation	525
aXSmZtJl2ww		0:31	Judite Woman of Quality#iuicphilly #laws #nathanyel7 #israelites #salvation	912
tsgH4A1lNjw		0:50	Zanzibar: Black Coast#iuicphilly #laws #nathanyel7 #israelites #salvation #ourhiddenhistory	498
DKdJpCOVUMU		0:39	Hidden Truths of the Slave Trade#iuicphilly #law #nathanyel7 #israelite #salvation #ourhiddenhistory	370
L3ibJHp1Tbg		0:36	So-Called Mexicans Were Enslaved Too!#iuicphilly#law#nathanyel7#israelite#salvation#ourhiddenhistory	451
-XQtJtIS41g		0:32	From Deliverance Back To Slavery#iuicphilly #law #nathanyel7 #israelite #salvation #ourhiddenhistory	325
K7nOAQl9DoI		0:48	Loango Slave Routes#iuicphilly #laws #nathanyel7 #israelites #salvation	147
Z1wZv6qg7ys		0:45	Jews Bay #iuicphilly #laws #nathanyel7 #israelites #salvation	672
yTtYQzhivlM		0:46	Captive Numbers: Loango & Angola Coast#iuicphilly #laws #nathanyel7 #israelites #salvation	298
YBn7SIdSs5g		0:48	Loango Slave Routes#iuicphilly #laws #nathanyel7 #israelites #salvation	264
bU6idqYditM		0:42	Israel Is Inhabited By Gentiles! #israelunitedinchrist #iuic #nathanyel7	737
pVm3DMuRbog		0:31	Those That Follow Christ’s Example Will Face Affliction #israelunitedinchrist #iuic #nathanyel7	17
l8u_biwiqK0		0:57	When We Are Scattered The Gospel Is Spread! #israelunitedinchrist #iuic #nathanyel7	1
-hmmmhH1egM		0:51	Israelite Discrimination During The Time Of Rome #israelunitedinchrist #iuic #nathanyel7	407
kbIIPSs6-Gs		0:58	Stop Following The Crowd, Follow The Gospel!  #israelunitedinchrist #iuic #nathanyel7	316
2o1k0zKmu6c		0:55	Money & Jobs Often Keeps Our People From Revolting #israelunitedinchrist #iuic #nathanyel7	838
s8IICvE0jkc		0:52	Lusius Quietus Was A BLACK ROMAN GENERAL #israelunitedinchrist #iuic #nathanyel7	953
ukjvlLC80wg		0:59	Why Was American Slavery The Worst In History? #israelunitedinchrist #iuic #nathanyel7	89
1z6qvs8IENA		0:50	Where Did Democracy Come???#historical #bible #radioshow #podcast	5
