videoId	title
fl4EDQ8aruc	(PREVIOUSLY AIRED) OUR HIDDEN HISTORY | INTERRACIAL MIXING IN RUSSIA EP 203
PqlgFRvU2Wg	OUR HIDDEN HISTORY |  INTERRACIAL MIXING IN RUSSIA EP 203
oi6VTfhRhwE	OUR HIDDEN HISTORY |  EP 202 BLACK EASTERN EUROPEAN RULERSHIP
Jdek4oQ7row	OUR HIDDEN HISTORY | FORMER ESTATES: CASTLES & PALACES EP 192
G1QF-HZ21MQ	OUR HIDDEN HISTORY | SLEEPING WITH THE ENEMY: JEWS AND MIXING (PRE-RECORDED) EP 165
aINHqGWwi4Q	OUR HIDDEN HISTORY | BLACK BIRDING/CHINOS EP 158
EOpTeQux8q0	OUR HIDDEN HISTORY | SLAVE SHIPS: TESTIMONIALS EP 151
59_BasytD3M	OHH-ECHOES OF ROME:THE 6TH FEATHER OF ROME AND THE MARTYRDOM OF THE APOSTLES EP 113
WoksRPfDx8g	IUIC |  OUR HIDDEN HISTORY RADIO SHOW-TIMES OF THE GENTILES: RISE OF ROME (THE HERODS) CHAP 34 EP 71
246oRwdGQig	OHH - TIMES OF THE GENTILES: ASSYRIA CHAPTER 1 EPISODE 37
ljNSVvWlQ4g	OHH - Beginning Of The Moors/The Gladiators  Chapter 17 EPISODE 20
7jlR9hFUT8c	OHH - King Arthur Of The Silurians Chapter 16 EPISODE 19
