wXtq-ETpB38	The PLOT & DEVASTATION of GAZA in the BIBLE | #fullvideo
3XFH6zIpfPs	#IUIC | THE SOULS OF BLACK FOLKS
Fu720tQMI_A	#IUIC | COVID PLANDEMIC FOR AFRICA
WQG8hMQDK3w	#IUIC | #HIPHOP #MARRIAGE... #DRAMA | PART THREE
J8Ckw3OW1Co	The Israelites: OUR SOJOURN IN AFRICA | PART 6
wxV7yxROuaE	The Israelites: SECRET PLOTS TO DESTROY BLACK PEOPLE | PART 1
PO-V9EEnb_U	IUIC | BLACK PEOPLE LEAVE THE #CHRISTIAN #CHURCH | PART FIVE
HTERARsYQh0	The Israelites: YOU CANNOT PUT A PRICE ON DELIVERANCE
y1jSnfUlCzo	The Israelites: The Three Evils of Society
5AwXPZ31Y0k	The Israelites: Evil Men Lust For A Sexy Jesus
kokzcbcErkw	The Israelites: Supper, War & Marriage... Explaining Revelation 19
9vsHCqhXjN0	The Israelites: Radical Changes To Come
Z9kirOVvmQk	Ebola: Cure For White America Only?
oPcezrh1Z4s	The Israelites: Precepts For World Events
oJQyTTZwQNo	Destruction of Nicanor
7hj92BqXOx8	WILL YOU BE TAKEN OR LEFT BEHIND?
W5QH11zzfmA	The Filth Of The Daughters Of Zion
ItxWVMV5hq4	OUR LIBERATION IN THE END TIME WAR
cufx4QygfS8	Evil Negroes Beat Their Spouses
moVKw_lCcpY	The Trauma In Domestic Violence
nou10KalHsE	The American Dream
F-VCG7bjGX0	Soldiers Of Christ - Destruction Of Nicanor
-pyA3KGQURU	The Fight For The Souls Of The Saints
ATDz6Vy_qEs	AL-NAKBA Catastrophe: Israel, Gaza, Gog & Magog
85neqKl2H_w	The Power Of The Unknown
-Wkx5gkZqLo	God Help Us Overcome
MZaQP3AtFtI	Now They Putting Jamie Foxx In The Anti-Semitic Box?
FFuBoLscfCM	SPIRITUAL MORTAL COMBAT
