_yurpcNOz_I	PASSOVER 2023 | APRIL 18th - 23rd | REGISTER NOW
J0avZY43b-A	We Don’t Celebrate Mother’s Day
TKY7jTC9n68	#IUIC | WHERE DREAMS BECOME NIGHTMARES | PART ONE
rChBW-N94aE	#IUIC | GOOD NEWS FOR OUR OPPRESSED PEOPLE | PART ONE
zbJ-pyCzpI0	#IUIC | CRUSHING COLOSSIANS HERESIES | PART THREE
kfRQ9oCadkE	#IUIC | GOOD NEWS FOR OUR OPPRESSED PEOPLE
UjNnAkR56lM	#IUIC | THE PRINCIPLE THINGS & SPIRITS THAT ARE CREATED | PART 3
xikJO2g6VfY	What You Gonna Do Now?
3k9sUyKqlFE	#IUIC | CAMPAIGN FOR CHANGE | PART THREE
7C3WeM80Yy8	Are You A Saint?
rt0mIeu_gG0	After The BBC News Attack
QZ2Az6TmXlI	So Now We're A Hate Group?
4z08ZIaM6-o	The Israelites: Purpose & Terror  Behind Religion | Part 1
nr64qaZoW6M	Endure Hardness: WE AT WAR!
5Z4m2tfHq7A	(Anger) Why You Mad?
c23FV9hUgPU	I Want To Live Forever!
rr_63wCwiok	Pentecost Preparation And Holidays Of The World
CbiV8bwlx9g	Raise Your Children To Know God Pt. 2
ic_cBMJ4dGg	IUIC || WHEN SHEEP BECOME LIONS | PART SIX
CP_SbXiZaf8	The Israelites: #DonaldTrump Was Right About #Charlottesville
DKms1Yvr3hI	The Israelites: How to Spot the #DEVIL #DEMON #ANTICHRIST
F3v3rAC6wJU	The Israelites: Diary of an Angry Israelite Defector
t_fQgEHbaNQ	The Israelites: The Relationship Between South Africa & Black America
XJ8IxhXwjRg	The Israelites: Christianity is an Infection of Stockholm Syndrome
MKzwpg2bTtM	The Israelites: Growing Pains Put Away Childish Things
8meSUkqzUq8	The Israelites: COLONIALISM in the BIBLE!!!
lDgI8B2XpY4	The Israelites: NEW MOON NAIL IN THE COFFIN
vf2HljBVBK4	The Israelites: SECRET PLOTS TO DESTROY BLACK PEOPLE | PART 3
Ni1VaGNmKrU	IUIC | BLACK PEOPLE MUST LEAVE THE #CHRISTIAN #CHURCH | PART 6
OkSQP7uTkRM	The Israelites: Jacob vs Esau | Who Are The Real Jews?
sRkER-TSEiE	The Israelites: SENSITIVITY TRAINING MEANS YOU ARE A RACIST (PART 3)
nFbdRFLPuQc	The Israelites: BLACK WOMAN IN THE GARDEN OF EDEN (PART 6)
yLBj0awDcVQ	The Israelites: FEAR OF A BLACK PLANET (PART 1)
fhmE2aJUQ3Q	The Israelites: Islamic or Christian 501c3
k3ovFkL7x78	The Israelites: FULL MOON IS THE NEW MOON
PR96AcQsj3o	The Israelites: LIBERATION AND RACIAL ASCENDANCY
w2Gt6V6HFho	IUIC: White Historians Have LIED About OUR HISTORY
fvdf867dQi0	The Israelites: She Shall Be Called Wo-Man
fWniICt0DK0	The Israelites: Don't Celebrate Their Holidays - Protest Response
cZmUqgswCQ0	IUIC: Unbeweavable: The Mentally Destroyed Black Woman
eC1D7IqFdZM	The War Against Black & Latino Fathers
Uqmc6iY7v7g	Mike Brown: Riots and Righteousness in Ferguson
v2uFRisxvVo	The Civil Rights Movement Was A Farce
j-LdeOLJgpY	The Israelites: God Visiting The Earth
hhIW_QtjrBI	The Bible - Official Trailer
VRs6V8u3XOI	PATIENT SAINTS RADIO | EPISODE 535 | SEPTEMBER 6, 2026
jWQWD-xgHjE	WHEN CHILDREN WALK IN A LAND OF SHADOWS	2026-09-05
UegwRl2xHck	PROPHESYING AGAINST MANY KINGDOMS
C4OfwAWYG2k	WHEN ACCESS REPLACES REVERENCE: A PROPHET WITHOUT HONOR
G_2cE3WndXc	THE BLACK WINTER IS JACOB'S TROUBLE
P-R9qCg8zl0	2025 RECAP: DIFFERENT TIMES, SAME TRUTH
NTr1SVn_Ugo	THE EVIDENCE OF THE TRUTH IS OVERWHELMING!!!
fv-3zF_olaQ	The Negro Bible: The Making Of A Slave
kcceBGHGaTo	Uterus Maximus
Zwn10uxNtVU	PACIFIC RING OF FIRE
tSmfMkzGZJY	Have Faith In Your Fate: Final Predestination
mi7KSfJ5Jq8	The War Within And Without The Battle On All Fronts
-5EQcq9ac_s	SEPERATED FROM THE FLOCK
oWBFANs2930	WHITE CHRISTIAN NATIONALIST!
LRRFQRNFPaE	Sanctuary Cities, MAGA, And The Israelites
4xBLCt5i2bM	Marry This Type Of Woman
UGVYXZ71Be0	OUR SANCTUARY AND GODS WRATH ON OUR OFFSPRING
Qq9MdiwXgT4	Prisoners Of Hope
qmOKday64wk	The Aspirations Of A Prophet
ynyWGPE3p94	Obtaining God Consciousness In The Perfection Of Christ
GsGREeiLmeg	Modern Origins of Feminism: The Attack on Masculinity
vSzFE76IPdY	Hip Hop From Revolution To Devolution
3XyAQpObofo	Christian Dogma
zXYRJA7Nfq8	The Art Of War
6oXBrnOHAYs	PSYCHOSIS: A DELUSION UNCHECKED
aAsBF_zKiQg	EXAMINE THYSELF TO BECOME AT ONE WITH GOD
t15PAX8XcnU	The Ministry Of Reconciliation
JLf5dOnMnTc	HEAVY IS THE HEAD THAT WEARS THE CROWN
tB4jBx1QmyY	The Single The Courting The Married
mVYotTk6YDE	Envy Not Your Oppressor
xQxqsja16f0	Dear Father
pj6LrzGVacQ	Supacell - They Don't Know Who We Are
LF6D-YrW0jQ	The Day Of The Glutton Is Gone Boy: Accountability Is At The Door!
qBmagXyusfs	THIS IS THE GOSPEL
_Q-fuveMVvs	Japan In Bible Prophecy
IfJnJ0vlQZ4	Pursuit of  Happiness
eG6Yjx77WS4	The Year 2018 #IUIC
J3ouAGceu2o	Wait Upon Me! Saith The Lord!
WhZarom4L1U	2023: A Recap
VCZwzV8rxBk	The Serpent In Eden & Modern Day Israel
N92jZJg_2LQ	You Ain’t No Friend of Mine
kyjjL2qldgY	The Psychological Pain & Terror of Slavery and Why We Must Heal
GFmlj09z0S4	The Love of Money Is the Root of All Evil
Tva_hLmfsuA	DEATH TO CHRISTIANITY PT. 2
gf8CYkjt38Q	The Evil & Wicked Generation
HUBkcNZkrWk	So You Want To Save The Gentiles?
QX3TOlLWOkI	Immortality and the Eternal Body
XTLqT0imhpM	The Death Of Christianity
qQVKTfyphr8	Deuteronomy 28 In Plain Sight
WJQs5q9gDBA	Trouble In The Flesh
uylDXBSZoto	Ruling The Black Woman
DoijL8fCZVM	Deuteronomy 28 In Plain Sight
26r-UAYyOC0	The Cost of Your Soul
ZqyRuXozOKE	NWO IS THE BEAST SYSTEM
oexJlXELWJ8	The Black Holocaust: Extermination of the Black Race
vFxy3BhlqWM	The World Without Morals Part 2
J7zSs4CXPXg	PASSOVER 2023 - 20th Anniversary
xriJVBBu14c	The Serpent And The Rainbow
5jcrmm3cPNQ	Identifying The Virus
-nJIVa-2-tc	HAPPILY EVER AFTER
DWLmpqoq0ng	What Is A Sinner
KTTvLCNQkNg	Black On Black Crime Is Spreading In Our Time
tPYXKc1xOIk	Reaching Redemption In Tribulation
pQ9HMC9Hp5w	Casualties of War
RzSfklRd9_I	The New Reality Of Police Brutality
bGX8Ji-zVxg	HAMMERTIME: DEVICES OF THE CRAFTY REVEALED
Go5cAOVOj5I	HOUSE OF SOLDIER AZARIAH'S WEDDING FEAST
n8g7NU8KyhY	John 4: The Samaritans
W808EXBCA3Y	THE WAR STARTS WITHIN
W5zf_pUKRAk	When The Spirit Leaves You: Inside The Mind of The Reprobate
R96ny9cBAwg	They Were Trying To Tell Us (Part 2)
PY0nedgBz3c	Putting it All on the Line
4lEDuZfS0ko	FreEDOM From fEarDOM
3z4A1Oonja0	#IUIC | SABBATH MORNING CLASS: BEWARE OF THEIVES, MURDERERS, AND LIARS
GBl9iphm7sU	#IUIC | Where Is Black Lives Matter When They Show Us "Black Lives Don't Matter!"?
VZfW5yZ9Fps	#IUIC | NEW MOON CLASS:GOD DID
ZIs6bN-l0Wo	#IUIC | SABBATH EVENING CLASS: Death Of A Queen And The Return Of The King
TpZfk_nKRvg	#IUIC | Pastor Speaks Out Against Beyonce's Song "Church Girl"
S8e_edBBS2U	#IUIC | SABBATH AFTERNOON: The Descent into Niggardom Thru Song
UUECsYF9TtM	#IUIC | FIXX YA FACE FRIDAYS!! GENOOO GOOD JENNINGS: PASTOR OF LIES!
GcduLOq1w40	#IUIC | WEDDING OF THE HOUSE OF SOLDIER AMASAI
Fjrc4_5E17E	#IUIC | Patient Saints Radio: July 3, 2022
CdHdTuG0M_E	#IUIC | SABBATH EVENING CLASS: Acts Of The 144,000
NNc3ZPZFPac	#IUIC | SABBATH MORNING CLASS: Spiritual X-Ray Vision
KWui1MmOrEk	#IUIC | Will Smith Slaps A Black Man In The Face! Now Jada Slaps All Black Women In The Face!
GXzM0vMhucc	#IUIC | FIXX YA FACE FRIDAYS | THIRST TRAPPED
mjYLZ5Tesb0	#IUIC | NOON SABBATH CLASS: Our History is Agriculturally Based, Famine Will Lead Us Back to Our …
qBoUq1FZs6w	#IUIC | Sabbath Morning Class: The Lord's Army On Earth
TEhIfPBFhXQ	#IUIC | It Feels Like Everyone Is Doing Well Except Me!
t-v7xuckCIw	#IUIC | FIXX YA FACE FRIDAYS: SIS...YOU LOOK STUPID!!!
PE9BgdVrT2I	#IUIC | SABBATH EVENING CLASS | JUDE 3: CHRISTIANITY IS WHITE SUPREMACY
kKJ1LzeVGbQ	#IUIC | SABBATH EVENING CLASS: THE ASCENSION TO YOUR THRONE LEADERSHIP IN THE MAKING
q0DAv2wl7bA	#IUIC | SABBATH EVENING CLASS: WHERE DO YOU STAND WITH GOD (WHEN YOU TAKE YOUR LAST BREATH)
4CYBYvYCiQY	#IUIC | Happy New Year? Yeah Right!
WqrY2qUBrrw	#IUIC | Sabbath Noon Class : Feminism: The Destruction of the Israelite Woman
6lO6AgaAHrc	#IUIC | OUR HIDDEN HISTORY RADIO SHOW - TIMES OF THE GENTILES: GREECE CHAPTER 18
MWzb6kzWMU0	#IUIC | SABBATH AFTERNOON CLASS: The Branches Be Broken Off
0YbjI_Bt5JU	#IUIC | Sabbath Evening Class: Pain, Perseverance & Paradise Pt.2
-1vCukEWiw0	THE BIBLE: BOOK OF OUR FATHERS | Rebellion Or Revolution?
H67uiEL62YE	THE BIBLE: BOOK OF OUR FATHERS | Rebellion Or Revolution?
ZtyNkAtH4m8	#IUIC | PATIENT SAINTS RADIO | NOVEMBER 7, 2021
yC9pIAEwXZA	#IUIC | HammerTime:  Pastors…The Ones That Scatter & The Ones That UNIFY!
A7ZzrLxgnEo	#IUIC | OUR HIDDEN HISTORY RADIO SHOW - TIME OF THE GENTILES: PERSIAN AND MEDES CHAPTER 13
0pfI9xs71fo	#IUIC | Halloween And The Sin In Between
LQd-RQdVimM	#IUIC | Fixx Ya Face Fridays!! WTH!!
LiYrbERVnvU	IUIC | SABBATH EVENING CLASS: Sealing Of The Saints, The 5th Seal
0fXg13tk8Cc	IUIC | SABBATH AFTERNOON CLASS: A LOOK INTO KING SOLOMON LIFE AND LEGACY
YG-6o7Y4SSo	#IUIC | SABBATH AFTERNOON CLASS | HISTORY OF THE MACCABEES
7aV4z1gHlEs	#IUIC | SABBATH MORNING CLASS: OUR BEST OFFERING TO THE LORD
Op0FRC7SI6U	#IUIC | SABBATH MORNING CLASS: A HIGHER STANDARD
-1BRveQ57L8	#IUIC | RAVENING WOLVES SHOW: Episode 30 - What God Joined Together (RERUN)
FQsGZzfeVak	#IUIC | RAVENING WOLVES SHOW: Episode 33 (RERUN)
di1t8UNqUL8	#IUIC | Sabbath Evening Class: Trust The Process. The Guide on How to Obtain Eternal Life
r9vo_bEVC3o	#IUIC | SABBATH EVENENING: R Rated for Retarded Relationships
Nb6LRcgLsFU	LEAVEN: THE ROOT OF BITTERNESS PART 2
ZGYLFrtYxJM	PROPHESY FROM PAIN TO PEACE
g4Qenq8MVoo	America At War With Iran: Preparation For Conflict
ixOwF2CiYSY	The Issues Of Life: Mind, Body, & Soul	2026-09-12
BCPlIy30jKU	The Acts Of The Apostles & Foundation Through Christ
PgibJcEuhUw	GOD’S PLAN: RACISM & PATRIOTISM
q_uZv-IyN2c	HAMMERTIME | Freedom Fighters vs Puppet Leaders
6uYfhS-I4qo	HAMMERTIME | Freedom Fighters vs Puppet Leaders
V9GRApCfZcU	TEST | Close Caption
vvKac3lSjlo	THY KINGDOM COME READY OR NOT THE FULLNESS OF THEIR TRANSGRESSIONS
nuUxwqpYzEU	It Will Hurt: The Trying Of Our Faith
Lj8kxo9qeNU	The Mouth Of The Dragon: Ideological Subversion
qoohVqDrm48	The 4 Horsemen & 7 Seals
5tF7l_DBfFQ	FIXX YA FACE FRIDAYS | A FOOL'S MOUTH CALLETH FOR STROKES!!
7h69YSTnBw0	Adversity And Persecution Of The Gospel
rjC3iX7M_ss	Negro Rivalry Or A Prophets Reward
1DhmfDeU5Vs	The Sons Of Jacob, The Sons Of Revolution
z578HPF6SHE	HAMMERTIME: ESAU'S JUDGEMENT WRITTEN IN BLOOD
UXBEcRYE_gQ	Break Free From The Illusion Of Inclusion
BIhRnl44H88	They Want Us To Denounce Christ
8Dgq743HxO4	JULY 4TH GET AWAY (MARATHON OPENER): I'm Young, Horny, And Nobody Understands
Bh4np0lWVrY	The Novices Insufficient Gain Going Against Zion
ETvZoLEK3v8	Terrestrial To Celestial A Time For Change
CF2JoaRpqzA	The Promiscuous Girl & The Weaker Vessel
pIDxp386FFo	The Creator, The Creation, And The Creature: Whom Do You Worship?
qh4lywCcMYM	The Whore That Sits On The Mount Of The Congregation
91fPhtujjLs	THE 11TH HOUR: The Dark Shadows Of Music
yT38taUM5CU	LIVE | FCN: Where Truth Speaks!!
-lfNxte-2Rg	TUESDAY NIGHT REDEMPTION: Satan Is Singing To You
-nbFDDl9AAA	TUESDAY NIGHT REDEMPTION: Have You Checked Your Simperature Lately?
W5JGkB2N7qM	ITSR: Your Pastor's Vision Is Esau's Vision
CVp4arDnd9c	IUIC Hammertime | Kingdom At Hand: Lack of Faith
T2WdDJB49No	WISDOM CRIETH OUT: Helladay Season
vVrqgyI6MIg	TUESDAY NIGHT REDEMPTION: My Son Makes Me Upset
OqK3wxhxv3g	OHH-ECHOES OF ROME:THE 6TH FEATHER OF ROME AND THE MARTYRDOM OF THE APOSTLES
Ur-_GXcWtyQ	TUESDAY NIGHT REDEMPTION: Say Cheese! Tabernacles Edition
cFVYE49kn-Q	TUESDAY NIGHT REDEMPTION: You Gon' Learn Today! Were You Born This Way?
EzJ1zL-pluo	TUESDAY NIGHT REDEMPTION: Who Dat Baby's Pappy???
TOO8xyF8iuQ	Immortality and the Eternal Body
GVhkS9R7-_4	Let's Talk Truth | The Truth About The Black Hoochie Agenda *PARENTAL DISCRETION ADVISED*
FycGlmlO7yA	MERCY	2026-09-14
6qLWBmJGgFI	#IUIC | SABBATH EVENING CLASS: The Voice Of Them That Escape Babylon	2026-09-14
N1mJaIYmudQ	IUIC | SABBATH MORNING CLASS: What is Brotherly Love?	2026-09-14
BmMRXdk0Cf0	#IUIC | SABBATH EVENING CLASS: Christianity Started the Slave Trade	2026-09-14
_0sMrDjKqpc	#IUIC | SABBATH EVENING CLASS: Christianity Started the Slave Trade	2026-09-14
iZYXkf19YVU	#IUIC | SABBATH AFTERNOON CLASS: Smitten with Madness: The Effects of Sin on the Mind - Pt.1	2026-09-14
i-gFjVAUECA	SABBATH NOON CLASS: I AM THAT I AM	2026-09-14
fRYFz6bvYj4	Can A Woman Get The Kingdom Without A Man?	2026-09-14
z2k29YNITAk	#IUIC | OUR HIDDEN HISTORY RADIO SHOW: CHAPTER 30 THE SPANISH INQUISITION	2026-09-14
bxg1C1sO65I	Many Shall Depart From The Faith	2026-09-14
ccijYx0ZyBo	SABBATH NOON CLASS: To Serve The Living God	2026-09-14
EMR5zQ-83yg	Understanding The Sabbath	2026-09-14
IWf281qIB6A	SABBATH EVENING CLASS: ATTACK ON ANTI-SEMITISM	2026-09-14
vfpHIv6ef5A	Nick Cannon, We Praying For You	2026-09-14
5W0f9RiXGzA	To Desean Jackson And Other Celebrities Waking Up	2026-09-14
wu3TCH3DYZ8	New Moon: No Repentance For Judas Traitors Part 2	2026-09-14
DGdcyOOvQgU	EVENING SABBATH CLASS: THE HOLY UPRISING	2026-09-14
TknYYsPybhU	Judgement Day Approaches	2026-09-14
ziOsJdN0418	SABBATH NOON CLASS: Destroying The Mind Of The Negro Woman	2026-09-14
QVpF-g30hXs	FRIDAY NIGHT RAW: Chicago Shootings	2026-09-14
U1MamA3cQ94	SABBATH EVENING CLASS: Prophetic Uproars of the People	2026-09-14
tTZVTTwT2zc	SABBATH MORNING CLASS: It's Like Candy	2026-09-14
0Ouz3Z0H8kg	FRIDAY NIGHT RAW: Why Did God Choose The Israelites?	2026-09-14
nJRqRG8YwiA	THE BIBLE: BOOK OF OUR FATHERS: Do Black Lives Really Matter?	2026-09-14
WDs8gETWVNw	Patient Saints Radio | June 07, 2020	2026-09-14
MpPfjBjyKJE	FIXX YOUR FACE FRIDAYS IS BACK	2026-09-14
hPKjGbS6NTs	THE BIBLE: BOOK OF OUR FATHERS: Black Man and the Gods in Prophecy	2026-09-14
CCTAoMyD_vE	SABBATH EVENING CLASS: HATRED AND MURDER OF BLACK PEOPLE	2026-09-14
Fb0t7K7JE88	Noon Sabbath: The Sure Mercies Of David	2026-09-14
zrvllilmJZk	Patient Saints Radio | May 24, 2020	2026-09-14
65oBzZd0APA	Patient Saints Radio | May 24, 2020	2026-09-14
hFCG6j7j-_o	Don't Believe A Word They Say	2026-09-14
KwxEF9tbBao	Morning Sabbath: The Feast Of Pentecost Explained	2026-09-14
mbMA-u7b7cU	Sabbath Morning Class: The Mysteries Of Daniel	2026-09-14
kS0cBsFiG48	The Multiple Wives Debate Continues	2026-09-14
2tkE7BOqBgo	Noon Sabbath: Discerning The Signs Of The Times	2026-09-14
UzJDmjuk-Ks	Sabbath Noon Class: History In Chronicles - King Hezekiah	2026-09-14
e31ukHhNl7Q	Why Is God Allowing This?	2026-09-14
vIwYohfCJo8	Everyone's Looking For Answers	2026-09-14
YM_i9CUlfz8	New Moon: Choices And Decisions	2026-09-14
4hhNDL2otXI	SABBATH AM CLASS: The Wise and the Mighty	2026-09-14
PnS5pGqygHI	Passover 2020 Special | Us Against the World	2026-09-14
prfqnfBk94M	Patient Saints Radio	2026-09-14
7ubaCkiRa40	Forget Toilet Paper, You Got Bigger Problems!	2026-09-14
1seF9w2DYk0	Patient Saints Radio	2026-09-14
AIQ0BfykxPE	Revelation 1 A Visit From The Lord	2026-09-14
no22Y8CWkd8	THE BIBLE: BOOK OF OUR FATHERS: Vital Importance of The Family Unit Part 2!	2026-09-14
jFpx4N3ag8I	Corona Virus Fears	2026-09-14
FVJ4DeAtZ_c	THE BIBLE: BOOK OF OUR FATHERS: The Vital Importance of Family the Unit	2026-09-14
2M6-Z2kTXiY	The Book with the Seven Seals | Revelation 5	2026-09-14
W3nPWDPw2yM	Noon Sabbath: A Stumbling Block Laid Before You	2026-09-14
7FEXp-3-MT4	Morning Sabbath: The Feast Of Purim	2026-09-14
45PJFA7mlu8	Destruction Of Nicanor	2026-09-14
RUCL8yvrACs	THE BIBLE: BOOK OF OUR FATHERS: "Truth and Freedom” - Part 2	2026-09-14
xiUxnrUZpW8	Morning Sabbath: European Terrorism Or Black History	2026-09-14
Y4Dtnk0CUlQ	Kobe Bryant. Why We Die...	2026-09-14
vejD5jpBoSk	The Enemy In Your House	2026-09-14
yCTFuM1VdB4	It's 2020, Can We Please Stop The Lies And The Slander?	2026-09-14
wW9VvsaGSAc	New Years Day? Society has tricked our people	2026-09-14
ET3DNdeQpos	God Is Watching	2026-09-14
4db024mN7zg	#IUIC | Backdoor #Marriages | Q&A  w/ Bishop Nathanyel	2026-09-14
XQkIOVOQxCI	Patient Saints Radio	2026-09-14
9ZrGgbcNrjc	Happy Feast Of Dedication	2026-09-14
Pt6AXxvtAow	Patient Saints Radio	2026-09-14
Zu7eJjOTR8k	DAUGHTER OF ZION: NOTHING NEW UNDER THE SUN PT. 2	2026-09-14
DbiAT-0s37E	Noon Sabbath	2026-09-14
6QR96d2DftA	Morning Sabbath: Perseverance	2026-09-14
9RmzNRmqa0s	Morning Sabbath: Perseverance	2026-09-14
o7Jw6IENOEo	Fasting And Singing Praises	2026-09-14
xkeDjjYtRrA	Many Called, Few Chosen	2026-09-14
757OrjDllnw	What Is The Gospel?	2026-09-14
nmGBe4OhoSs	New Moon Class: Awakening Day	2026-09-14
-EpRtx_-QsI	The True Prophets Of God	2026-09-14
2bBx0G9ABus	The Roman Persecution of Jerusalem Pt. 2	2026-09-14
rImXSk2qojI	Roman Persecution Of Jerusalem	2026-09-14
emHoGpP9L7g	Noon Sabbath: Care About Your Neighbor Part 2	2026-09-14
C71Y1XeEblM	Noon Sabbath: Take Your Crown	2026-09-14
n_Tg9dKBuvc	Those That Hate God Hate You!	2026-09-14
qkjtgV8xprY	New Moon Class: Stay Focus	2026-09-14
g5qiOWaoDaI	The Price Oppressors Must Pay	2026-09-14
DAIs9d3ehak	Morning Sabbath: Dragon's Poetry Part 2	2026-09-14
LPFZzFZMiQU	Don't Be Malicious	2026-09-14
1GZgrxcxnC4	Botham Jean's Family, Christian Forgiveness	2026-09-14
C2jA1brtzb8	Noon Sabbath: The Beginning is Near!	2026-09-14
CL09bww2yLA	What Kind of Leader are You!	2026-09-14
qMbFRfW9y2Y	Raise Your Children To Know God	2026-09-14
UYnGxGcnLtM	Returning To The Most High	2026-09-14
koq_zoC9DcI	Don't Be Offended	2026-09-14
b7-sn0FuYlQ	Preparation For The Passover	2026-09-14
nq_NReCCz7U	The Israelites: SPIRITUAL WICKEDNESS IN HIGH PLACES  #ThrowbackThursday #TBT	2026-09-14
IPQUyscstMY	The Israelites: Rebuilding Your Nation	2026-09-14
JGcdV1Xww9c	TUESDAY NIGHT REDEMPTION: So Sarah, Got Her Groove Back!	2026-09-14
j4IkYQHmd8w	Wisdom Crieth Out: Weather...They Hear Or Forbear: Damn It's Hot	2026-09-14
BEt-Eyyn_Yg	WISDOM CRIETH OUT: Who’s The Prize ? Men Vs Women	2026-09-14
8GCIC02VIvI	(RE-RUN) LIONZ DEN RADIO SHOW : CURRENT EVENTS	2026-09-14
M-BRjm9SD2g	Let's Talk Truth | The Truth About Toxic Mothers	2026-09-14
VNbvcGPLlsE	Wisdom Crieth Out: All Dogs Won't Go To Heaven	2026-09-14
U1DP3YWka0c	PRECEPTUPONPRECEPT: (Previously Recorded) One Step Closer To The Final War	2026-09-14
TPmGS7jLYhs	ESCAPING THE PLANTATION 2.0: THE ORIGINS OF AMERICAN WEALTH PART 2	2026-09-14
STHEH1ulcZs	PRECEPTUPONPRECEPT: ONE STEP CLOSER TO THE FINAL WAR	2026-09-14
AjUcWoh7ZSQ	Death Toll Rises to 20,000 Turkey Earthquake | Armageddon | The Satanic Grammy Awards | WOTW Ep 45	2026-09-14
DC-hVnxu_Cw	PRECEPTUPONPRECEPT: ESAU'S ARMIES NEAR THEIR END; THE PROPHETIC BONES CONTINUE TO RISE	2026-09-14
W7EpYAs1_LE	PRECEPTUPONPRECEPT: BABY DADDY/BABY MAMA DRAMA VS HONORABLE MARRIAGE|POLAR OPPOSITES	2026-09-14
iUSazWb2Zhk	ITSR: Mob Spirited 2: The Murderous Mafia Mindset	2026-09-14
ZGDacGQ3Lv4	LIONZ DEN RADIO SHOW: Justice For All But Us!	2026-09-14
vOh5uAXRR_k	Addressing The Scoffers About Joy Morgan	2026-09-15
3_iOfVS8Ci8	Wisdom Crieth Out: 11/13/22	2026-09-15
daGhringJXY	LIONZ DEN RADIO SHOW | HOUSE SLAVES ON DISPLAY!	2026-09-15
qJkroe7afp0	#IUIC | LIONZ DEN RADIO SHOW: Pulling Amalek's Skirt	2026-09-15
j-6a0wPbons	#IUIC | PATIENT SAINTS RADIO: October 30, 2022	2026-09-15
iY59rDD9k64	#IUIC | WISDOM CRIETH OUT RADIO 10/23/2022	2026-09-15
rYcMk218Bvw	#IUIC | OUR HIDDEN HISTORY RADIO SHOW-DARK AGES: BLACK CLANS OF EUROPE CHAPTER 7	2026-09-15
Hk-_IimqDZs	#IUIC | OUR HIDDEN HISTORY RADIO SHOW-DARK AGES: BLACK CLANS OF EUROPE CHAPTER 7	2026-09-15
cnI87buxYXM	#IUIC | Fixx Ya Face Fridays: The Kanye Controversy	2026-09-15
xNe4em9nruY	The Bible: Book of Our Fathers	2026-09-15
YYijzBY1ABM	#IUIC | PRECEPTUPONPRECEPT: WW3 APPROACHES & BLACK PEOPLE ARE STILL DESTROYED	2026-09-15
ipXLlBM1oFs	#IUIC | Wedding Feast of House of Officer Ira	2026-09-15
mNCuZ2nAtUc	#IUIC | PRECEPTUPONPRECEPT: BABYLON'S TORPEDO GRASS: THE GREAT WHORE'S FEMINISM	2026-09-15
zUdKNe-krkA	#IUIC | Lionz Den Radio Show:  Current Events	2026-09-15
kPwDFCYjyHc	#IUIC | FIXX YA FACE: Why No One Supports Your Black Business	2026-09-15
hLFVf7-gd4k	How Does God Feel About Bezaleel?	2026-09-15
fDvj1I1OTdM	#IUIC | The Power Hour Plus: The Truth In Hollywood	2026-09-15
EbXAXVshaek	#IUIC | RAVENING WOLVES RADIO SHOW: Episode 47 - UFOs: Angels or Aliens?	2026-09-15
TlHXGcziTuw	#IUIC | ITSR: Sorry, Not Sorry: Pathetic Apologetics(Rerun)	2026-09-15
2evpm-Te7tc	#IUIC | THE BIBLE: BOOK OF OUR FATHERS | Decadence Hatred And Judgment The Prelude	2026-09-15
LufwSrwptWs	#IUIC | In the Scripts Reloaded: Sorry, Not Sorry: Pathetic Apologetics	2026-09-15
dJ-U-5CWYPI	IUIC |  OUR HIDDEN HISTORY RADIO SHOW- TIMES OF THE GENTILES: RISE OF ROME (THE HERODS) CHAPTER 34	2026-09-15
J0AluXS2vvA	#IUIC | RAVENING WOLVES RADIO SHOW: Episode 43 - Emasculation Of The Black Man	2026-09-15
_JMrJ0UkDos	#IUIC | PASSOVER CLOSING CLASS:  Manifest Destiny Rise of the Planet of the Saints	2026-09-15
xr-cTiD3pHc	#IUIC | RAVENING WOLVES RADIO SHOW: FireBooth - Jesus Christ The God Of War	2026-09-15
cOUmmtnL9Vg	#IUIC | PRECEPT UPON PRECEPT: Natural Disasters & Unnatural Prices	2026-09-15
YLC8NIgdzJA	#IUIC| OUR HIDDEN HISTORY RADIO SHOW- TIMES OF THE GENTILES GREECE: THE HASMONEANS CHAPTER 29	2026-09-15
1BDjbjmUjR8	#IUIC | Preparing For The Passover	2026-09-15
TcFrtiFJCUo	#IUIC​ | FCN : Where Truth Speaks!!	2026-09-15
EkxABkN7RyQ	#IUIC | SABBATH AFTERNOON CLASS: The Enemy Next Door	2026-09-15
k9-Pb8bXgrg	#IUIC Fixx Ya Face Fridays! When The Holy Spirit Leaves You!	2026-09-15
xzf3BY1mycc	#IUIC​ | FCN : Where Truth Speaks!!	2026-09-15
UBWW3NiumSg	#IUIC |  THE BIBLE: BOOK OF OUR FATHERS: An Academic Holocaust Part Two	2026-09-15
B1aQVWZHhvI	#IUIC | PRECEPT UPON PRECEPT: Their Trust in G.O.D. Esau’s Raging War for Resources	2026-09-15
vXdVpyZZ4IY	#IUIC | Happy New Year? Yeah Right!	2026-09-15
qMVZYHLZunA	#IUIC|#PRECEPTUPONPRECEPT: Why Celebrate Kwanzaa The “#Holiday #Season" Part 3	2026-09-15
6-NpurAzBI4	#IUIC | OUR HIDDEN HISTORY RADIO SHOW - TIMES OF THE GENTILES: GREECE CHAPTER 18	2026-09-15
dywuRH1JMCc	#IUIC | SABBATH EVENING CLASS: Jezebel Edifying Women Secretly	2026-09-15
8ZS-6BiVWbE	#IUIC | God Is Not Pleased In The Holiday Season!	2026-09-15
H3qzbgI_03w	#IUIC | Fixx Ya Face: Current Events	2026-09-15
jrDkJ1LHF00	#IUIC | MORNING SABBATH: Desired Pefection	2026-09-15
c7VbqLRh1pE	#IUICNEWORLEANS PRESENTS: PRECEPT UPON PRECEPT- DOOMSDAY CLOCK IS TICKING	2026-09-15
jBJ3DlfzAgA	IUIC | SABBATH EVENING CLASS: Sealing Of The Saints, The 5th Seal	2026-09-15
6ZlQwUrHwEM	#IUIC | TUESDAY NIGHT REDEMPTION: Wisdom Before the Kingdom	2026-09-15
orgUVo5tuzc	#IUIC​ | Day Of Atonement 2021	2026-09-15
8VS8KPIly_Y	#IUIC​ | Patient Saints Radio | September 19, 2021	2026-09-15
3c2T_EYOZhw	#IUIC​ | I Feel Your Pain	2026-09-15
e9vqnWdQEsg	#IUIC | Truth Be Told: The Divided States Of America	2026-09-15
KpKnHAmNUK8	#IUIC | Some Of You Are Losing Hope	2026-09-15
V_rNlshnv14	#IUIC | Patient Saints Radio: July 25, 2021	2026-09-15
yHjfEuBGNlo	#IUIC | SABBATH EVENING CLASS: FIX MY BROKEN LIFE	2026-09-15
a5CCy53ztwk	#IUIC | SABBATH AFTERNOON CLASS: EVICTING THE VAGABOND: THE EARTH WAS MADE FOR OUR SAKES PART 2	2026-09-15
hGZV_1X8m0k	#IUIC | SABBATH NOON CLASS: ADULTERERS AND FORNICATORS GOD WILL JUDGE	2026-09-15
lo5Pvaz9NOM	#IUIC | SABBATH NOON CLASS - Evicting The Vagabond	2026-09-15
08ec-EqLZMM	#IUIC |OUR HIDDEN HISTORY RADIO SHOW- TIMES OF THE GENTILES: ASSYRIA CHAPTER 2 RERUN	2026-09-15
booxucjgJ2g	#IUIC | SABBATH EVENING CLASS: Infinite A Biblical Perspective	2026-09-15
E3VT0KFvuA0	#IUIC | SABBATH MORNING CLASS: DEPRESSION AND DRUGS GO HAND IN HAND!	2026-09-15
-5oFKb525CI	#IUIC | OUR HIDDEN HISTORY RADIO SHOW- TIMES OF THE GENTILES: ASSYRIA	2026-09-15
_Rjo6NxRe6E	#IUIC | Love Not The World!!!!	2026-09-15
cfOnYJdbizU	THE BIBLE: THE BOOK OF OUR FATHERS | 1619 Projected In Black & White	2026-09-15
94WLG-zPZYI	#IUIC | SABBATH EVENING: Revealed By Fire	2026-09-15
n4ZRMREyl2s	Our Hidden History: Beginning Of The Moor’s Chapter 17	2026-09-15
U5mffIcGb4Y	SABBATH NOON CLASS: Thy Desire Shall Be Unto Thy Husband	2026-09-15
UnagWmLyc-M	SABBATH MORNING CLASS	2026-09-15
qYVV5pPNc5E	Fixx Ya Face Fridays!!!  The Beale Street Memphis Controversy!!!	2026-09-15
u3VK02vKfu4	Our Hidden History - King Arthur Of The Silurians Chapter 16	2026-09-15
F83xF94C7Tk	#IUIC | EVENING SABBATH CLASS: Broken Lives Broken Wives | Part Three	2026-09-15
dYclaSUuOIQ	#IUIC | EVENING SABBATH CLASS: Broken Lives Broken Wives | Part Two	2026-09-15
mY8tA43qnbk	#IUIC | EVENING SABBATH CLASS: Broken Lives Broken Wives | Part One	2026-09-15
IYM9_7NpI_s	How The Spirit Of God Works	2026-09-15
DAfMrCQoCIE	What Spirit Are You In?	2026-09-15
R2EUqR6ciEQ	IUIC| FRIDAY NIGHT RAW | The Bible Is Not For Everybody	2026-09-15
zaVDS7IvHUQ	THE BIBLE: BOOK OF OUR FATHERS | The Prodigal Son	2026-09-15
0s_gGDcUf0A	#IUIC | NEW MOON CLASS | When The Righteous Fall	2026-09-15
Tj9HCtLGIoY	Our Hidden History: The Travels and Decline Of Carthage | Chapter 14	2026-09-15
uY77WXHVx0U	SABBATH NOON CLASS: When Your Wife Becomes Your Enemy	2026-09-15
SpsfE97vbto	So You Wanna Celebrate Thanksgiving	2026-09-15
jsIQzw6Vang	The Israelites: The Breakdown of 666	2026-09-15
n1rQJrSgt3c	Commandments Man - Yawan ft. Uzziel	2026-09-15
QWcoH0cD66Q	A Preventative Guide to Marrying a Nutcase	2026-09-15
EiQ42Hj2SI0	The Israelites: Manners and Etiquette	2026-09-15
obTriAq80hk	The Board of Education Is An Academic Holocaust	2026-09-15
IkUoNDoiAk0	Joining Israel: An Organized Nation	2026-09-15
rldEI3YYTU0	Incarceration   Mental Imprisonment	2026-09-15
JUmUgWg2Fzg	Can A Husband Rape His Wife?	2026-09-15
VeUagNQBHFw	MindThyTonguePt1	2026-09-15
0xmPMWMKjLc	Mind Thy Tongue Pt2	2026-09-15
FhdFPoYr9d4	The Israelites   Diagnosing Chicago Violence	2026-09-15
pgalkm2JVDc	The Diary of a MAD BLACK ELDER  The Spirit that Lusteth to Envy	2026-09-15
xoQiUsYhuVI	Our People Have Been Seduced	2026-09-15
zYDzg0Ls2Aw	How to sew on Fringes and Border of Blue - 2 Straight stitches	2026-09-15
a4nP19-SNtM	Oklahoma City Israel United in Christ	2026-09-15
O3l2V0RqQSc	Dymax Interview with Deacons Asaph and Athan of Israel United In Christ	2026-09-15
xShy0yv0NsU	DYMAX  ISRAEL UNITED IN CHRIST ON WHATS ON YOUR MIND TV	2026-09-15
Q-9OU_5Y3UU	KRS-One -  Why is That  (80s Hebrew Song)	2026-09-15
iwhiUZ1q5q8	Only Fools Pay Tithes	2026-09-15
WNXI43eI4yU	BABY MAMA DRAMA	2026-09-15
s1QcMr4bvG4	Ephraim...The Strangers & Gentiles	2026-09-15
2VwinqcYc4c	A Ho Is A Deep Ditch	2026-09-15
_T88de69uss	Love And Violence	2026-09-15
UXt5a8I4rvU	THE BEWITCHING OF GOD'S CHILDREN	2026-09-15
Ykyv3jIOBxA	SPIRITUAL RUMBLE IN THE BRONX	2026-09-15
0CPOP5sv_Yo	IMMACULATE DECEPTION	2026-09-15
RSQKlrddFmA	Black Hebrew Israelites ~ A HATE GROUP?	2026-09-15
3Z0W6n6yItg	AMERICA'S WITCHCRAFT	2026-09-15
QhtYzXFqQGo	SABBATH NOON CLASS: Wisdom Crying Out Pt2	2026-09-15
x0kXOQx9sBg	Men Shall Be Lovers Of Their Own Selves	2026-09-15
13PN-y3NF7g	THE BIBLE: BOOK OF OUR FATHER | Be Not Deceived Evil Communication Corrupt Good Manners	2026-09-15
0gnDdEjC_-o	RAVENING WOLVES SHOW: Episode 10 - Fire Booth: Philly Takeover	2026-09-15
dCNWx8_WMCY	SECRETS OF HISTORY: The Two Promised Lands | The Old World Chapter 11	2026-09-15
cP8SZZuo77E	"Relationships" Should I Stay Or Should I Go?	2026-09-15
Iufu4m_r9l4	Fixx Ya Face Fridays!!!  Inordinate Affection: The Secret Truths….. pt. 2	2026-09-15
pbMIKPai5m4	Fixx Ya Face Fridays!!!  Inordinate Affection: The Secret Truths….. pt. 2	2026-09-15
-06bOsUw-rI	THE BIBLE : BOOK OF OUR FATHER | And Evils Were Multiplied in the Earth	2026-09-15
GUfrITbfkeU	Secrets of History: The Two Promised Lands Chapter 10	2026-09-15
GOLpNO7zYBQ	Patient Saint Radio | November 1, 2020	2026-09-15
GBhK5dcKUsI	The Election Is Here! Should We Care?	2026-09-15
mSVp9Ekkbuc	HAMMERTIME: Surrender Your Thoughts	2026-09-15
O44JRVALgck	THE BIBLE: BOOK OF OUR FATHERS | Come Out of Her My People (And I Will Set You In Order!)	2026-09-15
sHKGMfyakU4	SABBATH AFTERNOON CLASS: The Book of Acts | 10-24-2020	2026-09-15
R2_0L4PbyFQ	The Unclean Woman	2026-09-15
FkSJslvSimA	THE BIBLE: BOOK OF OUR FATHERS | Come Out of Her My People (And I Will Receive You!)	2026-09-15
xNZQIK68Pxw	EVENING SABBATH CLASS: When Gods Rise From The Ashes.	2026-09-15
lzgdokcLVb4	You're An Israelite, So What?	2026-09-15
3wTJd0yeU2I	Another Dog In His Vomit	2026-09-15
585W25lXo4Y	RAVENING WOLVES: FIRE BOOTH	2026-09-15
jOqiwv-loF8	SABBATH NOON CLASS: DO YOU KNOW YOUR PURPOSE?	2026-09-15
CCCSCdJ7LSQ	Dog Who Turns To His Vomit	2026-09-15
v5nOfKJhba0	Breonna Taylor, God Says "They Will Pay"	2026-09-15
uIgyVfNez0k	Fixx Ya Face Fridays!!!  The I.U.I.C. Phenomenon!	2026-09-15
-JSRZGVgcGM	TRUTH BE TOLD: Returning Next Week Tuesday at 6:30pm EST	2026-09-15
Yq3BYOLBqJg	SABBATH EVENING CLASS: Will Start Shortly	2026-09-15
ORWCI0dLOR8	SABBATH NOON CLASS: The Table of Nations	2026-09-15
3fT2ci8oFjU	The Kingdom Of Heaven	2026-09-15
8CfLgzag4qI	Ravening Wolves Radio: Restoring The Tabernacles of David Part 2 (PRE-RECORDED)	2026-09-15
59iXjYFwTFk	Patient Saints Radio | September 13, 2020	2026-09-15
BkSf0MWEjdE	Day Of Atonement 2020	2026-09-15
mNw1XwEVlk4	Patient Saints Radio | August 30, 2020	2026-09-15
X6sBr6AzI8Q	The True Purpose Of Jesus Christ	2026-09-15
lj-UiArAMTk	Fixx Ya Face Fridays!!! Fire and Desire: The Wages of Sin Pt. 2	2026-09-15
sIe8NMge5DE	Patient Saints Radio | August 16, 2020	2026-09-15
dC0h7wpKcyY	Fixx Ya Face Fridays!!! The Sodomite Agenda!	2026-09-15
Pw8eipdetjQ	THE BIBLE: BOOK OF OUR FATHERS:  The Revelation of The Wicked	2026-09-15
rOX78chMSy0	SABBATH NOON CLASS: Restoring The Tabernacles Of David Part 1	2026-09-15
ApaK39JkYvE	Be Patient	2026-09-15
VPihBbcVj0o	Casting Down Imaginations: We Are The People!!	2026-09-15
qEgK9lBn0xA	OUR HIDDEN HISTORY: THE COLOR OF GOD AND HIS PEOPLE IN AFRICA	2026-09-15
Mi4dk2RdZQc	OUR HIDDEN HISTORY: THE COLOR OF GOD AND HIS PEOPLE IN AFRICA	2026-09-15
Iv8KTP5rQSE	SABBATH NOON CLASS: Where We Been?	2026-09-15
iYA1X1Wl1lY	EVIL DEMONIC Children	2026-09-15
qutRjkVRIL8	Bishop Nathanyel | Revelation 5 The Book with the Seven Seals	2026-09-19
q-omGEZBZos	They Changed The Color Of Christ....But The Bible Didn't	2026-09-22
pbx2NeFRapI	They Rewrote History To Erase Our Identity	2026-09-22
ymM9NFLb7-Q	AOG | Their Mouths Must Be Stopped	2026-09-22
T8RfVA_DwM4	IUIC CUTS FROM THE STREETS: Shaw University Students Racially Profiled And Drug Searched	2026-09-22
OSUP3-rXWoQ	#IUIC Shaw University Homecoming	2026-09-22
_uHMVIG0mF4	The Israelites: IUIC RALEIGH ZEBULON BLITZ	2026-09-22
n7Zvg40gC7Y	The Israelites: Don't Cast God's Laws Behind Your Back	2026-09-22
QcAFomhnhWA	#IUIC #NCCU PROMO	2026-09-23
AqlNKVcGIJE	The Israelites: We Are Not To Vote For Our Enemies	2026-09-23
VWSPJoneiaA	The Israelites: Humble Sister Sits Down for the Word pt 2	2026-09-23
51o23rLDwL8	The Israelites: GMS Brother Tries to Explain the New Moon	2026-09-23
ORHRIFIj2i0	The Israelites: Moor vs the Prophets pt 1	2026-09-23
YWtzexwwwNc	The Israelites: The Prophets March On A&T And Shut It Down.	2026-09-23
ltFkHLD5V78	The Israelites: Breaking Ground Goldsboro, NC: Officer Reuel Casts Down the Traditions of Men	2026-09-23
2F5VM6aS3dM	Why Did I Join IUIC	2026-09-23
RO1dJvIaZ2E	IUIC: 365 Prophets Promo 2019	2026-09-23
ac8E_f311g4	ESCP 2.0 | IUIC BLITZED THE WORLD AGAIN	2026-09-23
7oY9Qa35Iy8	ESCP 2.0 | The Divided Kingdom and The Fall of Empires	2026-09-23
7_l7iooVE24	ESCP 2.0 | Black World Vs The Israelite World	2026-09-23
dRR2hKzx7ek	ESCP 2.0 | THE LIES OF CHRISTIANITY & THE TRUE DOCTRINE OF CHRIST	2026-09-23
YNDH8djl0nQ	ESCP 2.0 | Anti-Christian Nationalism = Anti-American	2026-09-23
GY2n8jSnajI	ESPC 2.0 | The Last Trump America's Revealing	2026-09-23
3cAK4i1Ay-8	ESCP 2.0 | THEM, AN AMERICAN HORROR STORY.	2026-09-23
KPgUu28JwhM	ESCAPING THE PLANTATION 2.0: The Psychological Warfare Of The Oppressor	2026-09-23
y3JxknqjEmo	ESCAPING THE PLANTATION 2.0: The Demonic Deception Of The Dragon And His Offspring	2026-09-23
NwMeh2k0lYk	Escaping The Plantation 2.0: The Israelis vs The Palestinians | Why So Much Hatred?	2026-09-23
ZyD6lTpctDs	Who Are The Children Of God?	2026-09-23
s-uR8C-YfEw	Gas Lighting Vs. Correction	2026-09-23
HNBgtR39-VY	Diácono Yoshua y Los profetas de IUIC en la estación de radio Ecuador, E Q Radio 593	2026-09-23
9KPIEaLYlYE	Teaching our people in Kinston, NC  #Fyp #Explore #Bible #God #Repent	2026-09-23
6DEsajh_vRQ	IUIC #Raleigh NC & IUIC #VIRGINIA TURNT! UP ON THE #PASSOVER !	2026-09-23
VLRYsaHHBsA	Flier Mission In #Rocky #Mount, #NC ! #Fyp #Explore #Bible #God #Fliers #Repent	2026-09-23
M0PqVvx53ac	Los #profetas de #Israel Unido en #Cristo en #Leon, #Mexico	2026-09-23
J4yQeJKZEJU	0ak 93.5 Radio!!! #live #reaction #viral #blacks #fyp #explore #bible #God #Christian	2026-09-23
LC-nJf6SUKk	PROPHETS AT #nccu  #hbcu WAKE UP #ISRAEL!!! #VIRAL #LIVE #reaction	2026-09-23
4uTpyBcgPug	#blacks #fyp #explore #bible #latino #native #God #Christian #pray	2026-09-23
dXpsW2VAReo	#latino #israelites #christ #bible #viral  #radio #truth #faith #God #black #people #slavery #jesus	2026-09-23
zn-wLYBYO18	#latino #israelites #christ #bible #viral  #radio #truth #faith #God #black #people #slavery #jesus	2026-09-23
UMcST5ElPhU	#latino #israelites #christ #bible #viral  #radio #truth #faith #God #black #people #slavery #jesus	2026-09-23
IDjpo3h9k_s	#blitz #christian #unity #blacktiktok #12tribes #festival #march #IUIC	2026-09-23
nd8XS0eaCNE	#blitz #christian #unity #blacktiktok#12tribes	2026-09-23
ponBpWnIeVA	#blacks #fyp #explore #bible #latino #native #God #Christian	2026-09-23
dQNcJrReZv8	#blacks #fyp #explore #bible #latino #native	2026-09-23
X-kgWK7vMJk	Whats Love got to do with it?	2026-09-23
NtDA8Hj4Pcg	July 12, 2025	2026-09-23
wn8O_JSJMWc	#FYP #unity #BIBLE #Raleigh #blacks #latino #nativeamerican #biblicalsolutions #christiantiktok	2026-09-23
_iB2iecQl3Q	#IUIC #Blacks #latinos #natives #God #Jesus #Christian #bible#blacks #france #fyp	2026-09-23
tMBble_i78s	#blacks #hispanics #nativeamericans #12tribes #repent #wartime #bible #Blitz #unity #dreamville	2026-09-23
abS6iBHAYtw	Los Profetas de IUIC Raleigh, Carolina del Norte, en una misión de volantes en Wilson, NC	2026-09-23
2_JsuIU4_R4	March 22, 2025	2026-09-23
pxh5k-jm49w	#Blacks #Hispanics #NativeAmericas  #Hebrew #bible #Truth #Apologetics #Christianity #RadioShow	2026-09-23
CjLQcTU-g2U	#flyiermission  #bible #IUIC #ISRAELITES #commandments #Hispanics #blackamericans #nativeamericans	2026-09-23
tOMxlwP7EC8	#Purim #bible #God #ISRAELITES #godslaw #feast #celebration	2026-09-23
KDPAmiMX8oQ	#IUIC #Memorial #Esther #DON #PURIM #Unity #2dayfeast #Giftgiven #History #IUICRALEIGH	2026-09-23
9-vWbvF5Q7I	#OAK93.5 #Nathanyel7 #IUIC #FYP #follow #radio #radioshow #broadcast #Truth #nc #raleigh	2026-09-23
fBORUTPPRVI	February 26, 2025	2026-09-23
vclaoVoEQdA	#feastday #joyfulness #unity #congregate #12tribes #blacks #hispanics #nativeamericans	2026-09-23
6q9-DuF55Wk	#iuic #FAMFEST2025 #HarnettCounty #NC #blacks #hispanics #nativeamericans #unity #bible	2026-09-23
e2QHR3ZzETg	#12tribes #repent #wartime #hispanics #blacks #nativeamericans #bible #nationality	2026-09-23
xoKEeD1wL7I	#radioshow #LostSheeps #12Tribes  #Hispanics #Blacks #WVOE1590AM #NativeAmericans #KJV #Bible	2026-09-23
QgI252UQjqE	#hispanos #nativoamericanos #unidad #nacionalidad #enseñanza #escrituras #Herencia #ReynosaMexico	2026-09-23
37z9MDt0Zvo	#iuic #wartime #camp #blacks #hispanics #nativeamericans #unity #bible #nationality	2026-09-23
k4L6irDoVr4	#iuic #wartime #repent #blacks #hispanics #nativeamericans #unity #bible #nationality	2026-09-23
_4cojRs98o4	#iuic #wartime #repent #blacks #hispanics #nativeamericans #unity #bible #nationality	2026-09-23
VIkzEtJ7p8U	#iuic #wartime #repentance #blacks #hispanics #nativeamericans #unity #bible #nationality	2026-09-23
deyyXYZwW3U	#iuic #wartime #repent #blacks #hispanics #nativeamericans #unity #bible #nationality	2026-09-23
LmW0NiA4ss8	#iuic #wartime #camp #blacks #hispanics #nativeamericans #unity #bible #nationality	2026-09-23
iZTBLamv5II	#iuic #wartime #camp #blacks #hispanics #nativeamericans #unity #bible #nationality	2026-09-23
a_2NCxFe8fo	#iuic #wartime #camp #blacks #hispanics #nativeamericans #unity #bible #nationality	2026-09-23
YYoD8b_FFuA	#iuic #wartime #camp #blacks #hispanics #nativeamericans #unity #bible #nationality	2026-09-23
2KVBdBEUqjk	#Israelites #Blacks #Hispanic #NativeAmericans #fyp #IUIC #NC #Marriage	2026-09-23
G08AXKbWgPo	#Israelites #Blacks #Hispanic #NativeAmericans #fyp #IUIC #NC #host #Liveclass	2026-09-23
2eMu7DnFJRk	#Blacks #Hispanics #NativeAmericas #Commandments #viral #learn #bible #fyp #Truth #Wisdom #Faith	2026-09-23
tU5A8w_BCYc	#Latinos #Hispanos #IUIC #IsraelUnidoEnCristo #CristoNegro #Monterrey #Mexico #LaVerdad #Misión #12	2026-09-23
K8gUtUUDUNQ	#Latinos #Hispanos#IUIC #IsraelUnidoEnCristo #CristoNegro #Monterrey #Mexico #Misión #12	2026-09-23
ES1-oItKE9I	#IUIC #Biblia #Sudamérica #Negro #Hispano #NativoAmericano #Perú #fyp #ReinoDelNorte	2026-09-23
VLCMmE8Fc1g	#Latinos #Hispanos #IUIC #IsraelUnidoEnCristo #CristoNegro #Chilenos #RadioHoy #Misión #122	2026-09-24
PU-nc4Qga_k	#iuic #Latinofestival #camp #blacks #hispanics #nativeamericans #unity #bible #nationality	2026-09-24
e2lHIB0MN9M	#iuic #wartime #camp #blacks #hispanics #nativeamericans #unity #bible #nationality	2026-09-24
pGzhJUHzszY	#iuic #latino #festival #camp #blacks #hispanics #nativeamericans #unity #bible #nationality	2026-09-24
d3XMiPkvqhM	#iuic #wartime #camp #blacks #hispanics #nativeamericans #unity #bible #nationality	2026-09-24
hlDczfeHLlw	#iuic #wartim #camp #blacks #hispanics #nativeamericans #unity #bible #nationality	2026-09-24
X1ejhbMJsuU	#iuic #wartime #camp #blacks #hispanics #nativeamericans #unity #bible #nationality	2026-09-24
4hXc3rUxgVc	#AOG #podcast #bible #radio #repent #radioshow #black #nativeamericans	2026-09-24
bxdkmmg4RJI	#AOG #podcast #bible #radio #repent #radioshow #black #nativeamericans	2026-09-24
F0A6639k4rY	#unity #12tribes #bible #Feastday #Newmoon #hispanics #black #nativeamericans	2026-09-24
7u1XWWH7fgc	#unity #12tribes #bible #Feastday #Newmoon #hispanics #black #nativeamericans	2026-09-24
v9SLVeMuBRA	#IUIC #Unity #youth #tabernacles #Memorial #blessings #Israel #ClosingofFOT	2026-09-24
EMUYfEgYVk0	12 de octubre de 2024	2026-09-24
GPRaIgtPMf0	#IUIC #Unity #Family #Sabbath #NewMoon #Memorial	2026-09-24
K1gv_0ROGgk	#Bible #Israelites #Blacks #Hispanic #NativeAmericans #nc #viral #IUIC #henderson	2026-09-24
bRMQkAbQVqA	#Bible #Israelites #Blacks #Hispanic #NativeAmericans #fyp	2026-09-24
vw91U-JPQuA	#Bible #Israelites #Blacks #Hispanic #NativeAmericans #Day84 #fyp	2026-09-24
0w1wN1ow9DQ	#Repent #WarTime #Righteousness #Teach #Bible #flier #mission	2026-09-24
VNFYkerb44A	July 5, 2024	2026-09-24
PhVZzUugZAs	The Prophets in Greneda showed the cadets their true history in the Bible!#WestIndies	2026-09-24
EvDJU2HsWb4	The Prophets in Greneda showed the cadets their true history in the Bible!#WestIndies #Greneda	2026-09-24
_7n3swbcewE	June 14, 2024	2026-09-24
wgWQ4fvw1sk	June 14, 2024	2026-09-24
iZNn3_xHqlM	edifying our communities with the word of God.For more information call: 855-484-4842 EXT 7098	2026-09-24
UYbGwOSDJsc	June 7, 2024	2026-09-24
x7Oa56D9Fa8	June 7, 2024	2026-09-24
