slug	label	terms
prophecy	Prophecy	prophecy;prophesied;last days;end times;latter days;beginning of sorrows;time of jacobs trouble;perilous times
edom-esau	Edom and Esau	edom;esau;edomite;edomites;idumea;mount seir;birthright
america-babylon	America and Babylon	america;amerikka;american;babylon;united states;pax americana;roman empire;mystery babylon
captivity	Captivity	captivity;captive;bondage;slavery;slave ship;transatlantic;middle passage;four hundred years;slave master
persecution	Persecution and hatred	persecution;persecuted;hated us;jim crow;lynching;white supremacy;racism;xenophobia;segregation
bitterness	Bitterness	bitterness;bitter;root of bitterness;leaven;leavened
betrayal	Betrayal	betrayal;betrayer;betrayed;traitor;traitors;judas;iscariot;informant;turncoat
repentance	Repentance	repent;repentance;repenting;contrite;confess our sins;turn from
faith	Faith	faith;faithful;believe;believing;unbelief;doubt
the-law	The Law	the law;commandments;statutes;judgments;magnify the law;lawful;transgression of the law
false-religion	False religion	religion;christianity;christians;church;syncretism;false prophet;false doctrine;pastor;preacher;denomination
idolatry	Idolatry	idol;idols;idolatry;graven image;other gods;golden calf;grove
discipline	Discipline	discipline;disciplined;chastening;chastise;correction;self control;temperance
women	Women in Israel	woman;women;wife;wives;daughters of zion;femininity;handmaid;virtuous woman
marriage-family	Marriage and family	marriage;married;husband;household;fatherhood;raising children;the home;parents
leadership	Leadership	leader;leaders;leadership;shepherd;overseer;rule over;in authority
the-body	The body of Christ	body of christ;members of the body;congregation;the brethren;fellowship;one body
endurance	Endurance	endure;enduring;endurance;patience;steadfast;overcome;overcoming;press toward
wisdom	Wisdom and character	wisdom;understanding;character;integrity;prudent;discretion;instruction
sexual-purity	Sexual purity	fornication;adultery;lust;whoredom;sodomy;uncleanness;sexual sin;chastity
substance-abuse	Drink and substances	drunkenness;drunkard;alcohol;strong drink;wine;marijuana;drugs;addiction
health	Health and the body	healing;sick;disease;diet;pharmakeia;nervous system;medicine;pharmaceutical;nutrition
mental-health	Mind and psychology	psychology;psychological;mental;anxiety;depression;trauma;neuroplasticity;the mind;emotions
justice	Justice and judgment	justice;judgment;judging;unjust;injustice;equity;righteous judgment
reparations	Reparations	reparations;sweat equity;forty acres;restitution;recompense
war	War	war;wars;armies;battle;soldier;soldiers;armageddon;military;weapons
prayer	Prayer and fasting	prayer;pray;praying;supplication;fasting;fast;intercede
the-word	Feeding on the word	daily bread;the word;meditate;manna;study to shew;scripture daily
pride	Pride	pride;proud;haughty;arrogant;boasting;lifted up
deceit	Deceit and enticing words	deceive;deceived;deceit;enticing words;subtlety;lies;liar;deception;beguile
gossip	Murmuring and gossip	murmuring;murmur;gossip;busybody;busybodies;talebearer;backbiting;complaining;strife
mercy	Mercy and forgiveness	mercy;merciful;forgive;forgiveness;seventy times seven;compassion
passover-feasts	Passover and the feasts	passover;unleavened;feast day;feast of;atonement;tabernacles;pentecost;holy convocation
sabbath	The Sabbath	sabbath;seventh day
christ	Christ	christ;messiah;the son of god;crucified;lamb of god;the saviour
satan	Satan and the adversary	satan;devil;lucifer;antichrist;the dragon;the serpent;demons;fallen angels
nations	The nations	china;africa;south africa;puerto rico;palestine;abya yala;iran;haiti;the gentiles;the heathen
purpose	Purpose and sacrifice	purpose;calling;sacrifice;consecrate;dedication;set apart
adversity	Adversity and trials	adversity;trials;tribulation;suffering;affliction;forged by fire;furnace
media	Media and propaganda	media;television;social media;propaganda;hypnosis;entertainment;music industry;hollywood
